ad_id,make,model,year,price,km,fuel_type,gear_type,engine_volume,previous_owners,location,description
1,מאזדה,3,2018,42000,85000,בנזין,אוטומטי,1500,1,תל אביב,"רכב שמור מאוד, מטופל במוסך מורשה, חסכוני בדלק, מתאים לנהג צעיר"
2,טויוטה,יאריס,2019,38000,62000,בנזין,אוטומטי,1000,1,חיפה,"רכב קטן וחסכוני, אידיאלי לעיר, טסט עד 2026"
3,יונדאי,i35,2016,34000,110000,בנזין,ידני,1600,2,באר שבע,"רכב משפחתי מרווח, תוספות רבות, מצב טוב"
4,סקודה,אוקטביה,2020,68000,45000,דיזל,אוטומטי,2000,1,ירושלים,"רכב יוקרתי לתפעול, חסכוני בדלק, מעולה לנסיעות ארוכות"
5,קיה,ספורטז',2017,55000,92000,בנזין,אוטומטי,2000,2,רמת גן,"רכב פנאי גבוה, כונן 4x4, מצב מצוין, אחזקה מלאה"
6,פיג'ו,208,2012,7000,222000,דיזל,אוטומטי,1200,1,מודיעין,"רכב קטן וחסכוני, צריכת דלק נמוכה, מצב מכני טוב, טסט בתוקף, חיישני רוורס, חסכוני בדלק"
7,פיג'ו,3008,2018,42000,101000,בנזין,אוטומטי,1600,2,כפר סבא,"מתאים לטיולים ולמשפחה, רכב פנאי גבוה, טסט בתוקף, שמורה מאוד, מצב מכני טוב, מתאים לסטודנטים, חסכוני בדלק"
8,רנו,קפצ'ור,2024,74000,41178,בנזין,אוטומטי,1200,2,גבעתיים,"אחזקה זולה, ביטוח נוח יחסית, מצב מכני טוב, מטופל בזמן, טסט בתוקף"
9,פורד,פיאסטה,2018,30000,125000,בנזין,אוטומטי,1000,1,פתח תקווה,"קל לחניה ונוח לתפעול, צריכת דלק נמוכה, מצב מכני טוב, ללא תאונות משמעותיות, טסט בתוקף, מתאים לסטודנטים"
10,פיג'ו,3008,2015,22000,177000,דיזל,אוטומטי,1600,1,באר שבע,"ישיבה גבוהה ונוחה, מתאים לטיולים ולמשפחה, שמורה מאוד, טסט בתוקף, מערכת מולטימדיה"
11,סקודה,ראפיד,2015,10000,181000,דיזל,אוטומטי,1300,3,חולון,"אחזקה זולה, מתאים לנהג צעיר, חיישני רוורס, מערכת מולטימדיה, מצב מכני טוב"
12,יונדאי,טוסון,2018,58000,150000,בנזין,אוטומטי,1900,3,תל אביב,"רכב פנאי גבוה, מתאים לטיולים ולמשפחה, חיישני רוורס, יד פרטית, שמורה מאוד, מתאים לסטודנטים"
13,סיאט,ארונה,2020,57000,95000,דיזל,אוטומטי,1000,1,אילת,"ישיבה גבוהה ונוחה, רכב פנאי גבוה, שמורה מאוד, ללא תאונות משמעותיות, מטופל בזמן, רכב ראשון מצוין"
14,סוזוקי,ויטארה,2015,7000,194000,בנזין,אוטומטי,1600,4,נהריה,"ישיבה גבוהה ונוחה, רכב פנאי גבוה, מערכת מולטימדיה, חיישני רוורס, ללא תאונות משמעותיות"
15,קיה,נירו,2024,82000,31148,דיזל,אוטומטי,1600,2,עפולה,"מתאים למשפחה, רכב משפחתי מרווח, טסט בתוקף, מזגן תקין, מצב מכני טוב"
16,קיה,פיקנטו,2013,7000,238000,דיזל,אוטומטי,1000,1,אשדוד,"צריכת דלק נמוכה, רכב קטן וחסכוני, חיישני רוורס, ללא תאונות משמעותיות, מערכת מולטימדיה"
17,טויוטה,יאריס,2022,74000,44000,בנזין,אוטומטי,1100,1,ירושלים,"רכב קטן וחסכוני, מתאים במיוחד לנסיעות עירוניות, שמורה מאוד, מצב מכני טוב, טסט בתוקף"
18,יונדאי,i25,2019,35000,125000,בנזין,ידני,1700,1,נהריה,"רכב משפחתי מרווח, מתאים למשפחה, ללא תאונות משמעותיות, נמכר עקב מעבר לרכב חדש, מערכת מולטימדיה"
19,יונדאי,i35,2012,7000,191000,חשמלי,אוטומטי,0,1,נהריה,"מתאים למשפחה, רכב משפחתי מרווח, טסט בתוקף, יד פרטית, מזגן תקין"
20,סיאט,ארונה,2012,7000,249000,בנזין,אוטומטי,900,3,באר שבע,"רכב פנאי גבוה, מתאים לטיולים ולמשפחה, טסט בתוקף, נמכר עקב מעבר לרכב חדש, מצב מכני טוב"
21,מאזדה,CX-5,2013,11000,246000,בנזין,אוטומטי,1900,3,פתח תקווה,"מתאים לטיולים ולמשפחה, רכב פנאי גבוה, יד פרטית, נמכר עקב מעבר לרכב חדש, ללא תאונות משמעותיות"
22,פולקסווגן,פולו,2012,7000,235000,בנזין,ידני,1000,1,הרצליה,"רכב קטן וחסכוני, צריכת דלק נמוכה, שמורה מאוד, יד פרטית, ללא תאונות משמעותיות"
23,פולקסווגן,פאסאט,2012,7000,230000,דיזל,אוטומטי,1800,1,ירושלים,"נסיעה שקטה ונעימה, מטופל בקפידה, יד פרטית, טסט בתוקף, שמורה מאוד"
24,מיצובישי,לנסר,2025,80000,13573,בנזין,אוטומטי,1600,4,ראשון לציון,"מתאים למשפחה, נוח לנסיעות ארוכות, נמכר עקב מעבר לרכב חדש, חיישני רוורס, מטופל בזמן, מתאים לסטודנטים"
25,יונדאי,אלנטרה,2012,7000,228000,היברידי,אוטומטי,1600,1,רחובות,"מתאים לנהג צעיר, אחזקה זולה, טסט בתוקף, מזגן תקין, מצב מכני טוב"
26,רנו,מגאן,2015,14000,179000,היברידי,ידני,1500,2,מודיעין,"תא מטען גדול, מתאים למשפחה, ללא תאונות משמעותיות, מצב מכני טוב, נמכר עקב מעבר לרכב חדש"
27,פורד,קוגה,2017,22000,141000,בנזין,אוטומטי,1500,1,פתח תקווה,"מרווח במיוחד, ישיבה גבוהה ונוחה, יד פרטית, מצב מכני טוב, מזגן תקין"
28,פורד,אקו ספורט,2017,29000,164000,היברידי,אוטומטי,1000,1,גבעתיים,"ביטוח נוח יחסית, רכב אמין ונוח, שמורה מאוד, נמכר עקב מעבר לרכב חדש, מצב מכני טוב"
29,סיאט,אטקה,2012,7000,266000,בנזין,אוטומטי,1500,1,כפר סבא,"מתאים לטיולים ולמשפחה, מרווח במיוחד, מצב מכני טוב, יד פרטית, חיישני רוורס"
30,שברולט,סוניק,2015,9000,165000,בנזין,ידני,1400,2,רחובות,"אחזקה זולה, רכב אמין ונוח, מזגן תקין, שמורה מאוד, מערכת מולטימדיה"
31,פולקסווגן,גולף,2022,67000,54000,בנזין,אוטומטי,1300,1,נתניה,"נוח לנסיעות ארוכות, רכב משפחתי מרווח, טסט בתוקף, ללא תאונות משמעותיות, מטופל בזמן, מתאים לסטודנטים"
32,פולקסווגן,פולו,2019,47000,108000,בנזין,אוטומטי,1000,1,תל אביב,"רכב קטן וחסכוני, מתאים במיוחד לנסיעות עירוניות, טסט בתוקף, ללא תאונות משמעותיות, מערכת מולטימדיה, מתאים לסטודנטים"
33,מיצובישי,אטראז',2024,71000,44023,בנזין,אוטומטי,1100,3,עפולה,"מתאים למשפחה, נוח לנסיעות ארוכות, מערכת מולטימדיה, ללא תאונות משמעותיות, מזגן תקין"
34,סקודה,קאמיק,2019,46000,109000,בנזין,אוטומטי,1500,1,נהריה,"רכב פנאי גבוה, מרווח במיוחד, ללא תאונות משמעותיות, טסט בתוקף, נמכר עקב מעבר לרכב חדש, רכב ראשון מצוין"
35,ניסאן,קשקאי,2020,58000,83000,בנזין,אוטומטי,1400,3,קריית אונו,"רכב פנאי גבוה, מתאים לטיולים ולמשפחה, נמכר עקב מעבר לרכב חדש, מערכת מולטימדיה, מטופל בזמן"
36,הונדה,HR-V,2020,52000,113000,דיזל,אוטומטי,1400,1,תל אביב,"מרווח במיוחד, ישיבה גבוהה ונוחה, נמכר עקב מעבר לרכב חדש, ללא תאונות משמעותיות, מערכת מולטימדיה"
37,הונדה,HR-V,2021,53000,68000,בנזין,אוטומטי,1600,3,ראשון לציון,"רכב פנאי גבוה, ישיבה גבוהה ונוחה, נמכר עקב מעבר לרכב חדש, שמורה מאוד, טסט בתוקף"
38,סקודה,סופרב,2016,37000,202000,היברידי,אוטומטי,1900,2,חיפה,"רמת גימור גבוהה, מטופל בקפידה, טסט בתוקף, מטופל בזמן, ללא תאונות משמעותיות, רכב ראשון מצוין"
39,קיה,פורטה,2023,76000,44796,בנזין,אוטומטי,1500,1,ראשון לציון,"מתאים לנהג צעיר, ביטוח נוח יחסית, מטופל בזמן, יד פרטית, נמכר עקב מעבר לרכב חדש, רכב ראשון מצוין"
40,סיאט,לאון,2013,7000,219000,דיזל,אוטומטי,1300,2,הרצליה,"מתאים למשפחה, נוח לנסיעות ארוכות, שמורה מאוד, מצב מכני טוב, מזגן תקין, מתאים לסטודנטים"
41,ניסאן,קשקאי,2022,86000,34000,היברידי,אוטומטי,1300,1,אילת,"מתאים לטיולים ולמשפחה, מרווח במיוחד, חיישני רוורס, מערכת מולטימדיה, מזגן תקין"
42,פורד,פוקוס,2025,97000,44998,היברידי,אוטומטי,1700,1,תל אביב,"מטופל בקפידה, נסיעה שקטה ונעימה, ללא תאונות משמעותיות, מערכת מולטימדיה, טסט בתוקף"
43,רנו,קפצ'ור,2020,43000,116000,בנזין,ידני,1200,2,אשקלון,"תא מטען גדול, נוח לנסיעות ארוכות, מערכת מולטימדיה, מזגן תקין, חיישני רוורס, חסכוני בדלק"
44,סיאט,לאון,2016,24000,141000,דיזל,אוטומטי,1300,1,עפולה,"ביטוח נוח יחסית, אחזקה זולה, טסט בתוקף, מצב מכני טוב, מזגן תקין"
45,סיאט,לאון,2015,8000,172000,בנזין,אוטומטי,1300,2,ירושלים,"נוח לנסיעות ארוכות, רכב משפחתי מרווח, שמורה מאוד, ללא תאונות משמעותיות, יד פרטית, מתאים לסטודנטים"
46,מאזדה,CX-5,2016,47000,162000,דיזל,אוטומטי,2100,1,עפולה,"מתאים לטיולים ולמשפחה, רכב פנאי גבוה, מטופל בזמן, יד פרטית, מערכת מולטימדיה, מתאים לסטודנטים, חסכוני בדלק"
47,רנו,קליאו,2014,7000,194000,בנזין,אוטומטי,1200,4,ירושלים,"צריכת דלק נמוכה, קל לחניה ונוח לתפעול, מזגן תקין, טסט בתוקף, נמכר עקב מעבר לרכב חדש"
48,ניסאן,קשקאי,2021,66000,92000,בנזין,אוטומטי,1300,1,באר שבע,"ישיבה גבוהה ונוחה, רכב פנאי גבוה, ללא תאונות משמעותיות, חיישני רוורס, מצב מכני טוב, מתאים לסטודנטים"
49,מיצובישי,לנסר,2012,7000,220000,בנזין,אוטומטי,1700,2,אשדוד,"תא מטען גדול, מתאים למשפחה, מצב מכני טוב, חיישני רוורס, טסט בתוקף"
50,טויוטה,יאריס,2014,10000,209000,היברידי,אוטומטי,900,2,חולון,"קל לחניה ונוח לתפעול, צריכת דלק נמוכה, חיישני רוורס, מערכת מולטימדיה, מזגן תקין, מתאים לסטודנטים, חסכוני בדלק"
51,סוזוקי,איגניס,2016,16000,151000,בנזין,אוטומטי,1100,3,אשדוד,"רכב משפחתי מרווח, מתאים למשפחה, מערכת מולטימדיה, חיישני רוורס, מזגן תקין"
52,פיג'ו,2008,2013,7000,191000,בנזין,אוטומטי,1200,1,אשקלון,"רכב אמין ונוח, ביטוח נוח יחסית, מטופל בזמן, מערכת מולטימדיה, מצב מכני טוב"
53,ניסאן,אקס טרייל,2025,99000,40559,חשמלי,אוטומטי,0,1,פתח תקווה,"אבזור עשיר, מטופל בקפידה, מערכת מולטימדיה, מזגן תקין, מטופל בזמן"
54,מיצובישי,אאוטלנדר,2013,13000,204000,בנזין,אוטומטי,2000,2,באר שבע,"ישיבה גבוהה ונוחה, רכב פנאי גבוה, מערכת מולטימדיה, מצב מכני טוב, ללא תאונות משמעותיות"
55,סקודה,סופרב,2025,102000,41127,בנזין,אוטומטי,2100,1,גבעתיים,"נסיעה שקטה ונעימה, רמת גימור גבוהה, יד פרטית, נמכר עקב מעבר לרכב חדש, שמורה מאוד"
56,סקודה,קודיאק,2016,59000,173000,היברידי,אוטומטי,2100,1,נהריה,"מרווח במיוחד, ישיבה גבוהה ונוחה, שמורה מאוד, טסט בתוקף, חיישני רוורס"
57,מאזדה,6,2023,90000,30302,בנזין,ידני,2100,2,רמת גן,"מטופל בקפידה, רמת גימור גבוהה, ללא תאונות משמעותיות, חיישני רוורס, שמורה מאוד"
58,שברולט,טראקס,2012,7000,252000,דיזל,אוטומטי,1400,1,חולון,"רכב משפחתי מרווח, תא מטען גדול, חיישני רוורס, נמכר עקב מעבר לרכב חדש, שמורה מאוד"
59,שברולט,ספארק,2021,51000,94000,בנזין,אוטומטי,1000,2,מודיעין,"רכב קטן וחסכוני, קל לחניה ונוח לתפעול, מצב מכני טוב, מערכת מולטימדיה, ללא תאונות משמעותיות, רכב ראשון מצוין"
60,פולקסווגן,פולו,2016,20000,137000,בנזין,אוטומטי,1000,1,באר שבע,"צריכת דלק נמוכה, קל לחניה ונוח לתפעול, טסט בתוקף, מערכת מולטימדיה, ללא תאונות משמעותיות"
61,פיג'ו,208,2024,72000,15353,בנזין,אוטומטי,1100,1,הרצליה,"קל לחניה ונוח לתפעול, צריכת דלק נמוכה, נמכר עקב מעבר לרכב חדש, יד פרטית, מערכת מולטימדיה"
62,מיצובישי,ספייס סטאר,2015,10000,191000,בנזין,אוטומטי,1200,1,תל אביב,"רכב קטן וחסכוני, קל לחניה ונוח לתפעול, מערכת מולטימדיה, יד פרטית, טסט בתוקף"
63,רנו,קפצ'ור,2022,71000,63000,דיזל,אוטומטי,1200,1,חיפה,"רכב אמין ונוח, מתאים לנהג צעיר, מזגן תקין, שמורה מאוד, ללא תאונות משמעותיות, מתאים לסטודנטים"
64,יונדאי,i20,2014,10000,153000,היברידי,אוטומטי,1400,1,אשקלון,"ביטוח נוח יחסית, מתאים לנהג צעיר, מערכת מולטימדיה, מצב מכני טוב, ללא תאונות משמעותיות"
65,פיג'ו,2008,2025,91000,5912,היברידי,אוטומטי,1300,1,עפולה,"אבזור עשיר, מטופל בקפידה, יד פרטית, נמכר עקב מעבר לרכב חדש, שמורה מאוד, מתאים לסטודנטים, רכב ראשון מצוין"
66,הונדה,CR-V,2017,74000,131000,היברידי,אוטומטי,2000,1,מודיעין,"רכב פנאי גבוה, מרווח במיוחד, מטופל בזמן, מזגן תקין, יד פרטית, חסכוני בדלק"
67,שברולט,סוניק,2018,33000,113000,בנזין,אוטומטי,1300,2,רמת גן,"מתאים לנהג צעיר, אחזקה זולה, מזגן תקין, נמכר עקב מעבר לרכב חדש, יד פרטית, מתאים לסטודנטים"
68,קיה,סיד,2013,7000,229000,חשמלי,אוטומטי,0,1,פתח תקווה,"מתאים למשפחה, רכב משפחתי מרווח, טסט בתוקף, מטופל בזמן, חיישני רוורס"
69,רנו,מגאן,2013,7000,193000,היברידי,אוטומטי,1400,2,נתניה,"אחזקה זולה, ביטוח נוח יחסית, מטופל בזמן, יד פרטית, ללא תאונות משמעותיות"
70,טויוטה,אייגו,2025,82000,22391,בנזין,אוטומטי,1000,1,מודיעין,"רכב קטן וחסכוני, קל לחניה ונוח לתפעול, מצב מכני טוב, מערכת מולטימדיה, חיישני רוורס, רכב ראשון מצוין"
71,שברולט,סוניק,2021,56000,78000,בנזין,אוטומטי,1300,1,תל אביב,"מתאים למשפחה, תא מטען גדול, נמכר עקב מעבר לרכב חדש, מצב מכני טוב, מערכת מולטימדיה"
72,סוזוקי,איגניס,2014,7000,177000,בנזין,אוטומטי,1100,1,עפולה,"מתאים למשפחה, רכב משפחתי מרווח, מצב מכני טוב, חיישני רוורס, טסט בתוקף"
73,פורד,קוגה,2018,30000,123000,בנזין,אוטומטי,1600,2,הרצליה,"ישיבה גבוהה ונוחה, מתאים לטיולים ולמשפחה, מערכת מולטימדיה, מצב מכני טוב, חיישני רוורס, חסכוני בדלק, רכב ראשון מצוין"
74,סיאט,ארונה,2024,72000,31922,בנזין,אוטומטי,900,3,מודיעין,"רכב פנאי גבוה, ישיבה גבוהה ונוחה, מזגן תקין, יד פרטית, שמורה מאוד, מתאים לסטודנטים"
75,מיצובישי,אטראז',2025,80000,12529,בנזין,אוטומטי,1200,2,מודיעין,"רכב משפחתי מרווח, נוח לנסיעות ארוכות, יד פרטית, מטופל בזמן, ללא תאונות משמעותיות"
76,סוזוקי,סוויפט,2014,7000,219000,היברידי,אוטומטי,1300,1,אילת,"מתאים במיוחד לנסיעות עירוניות, צריכת דלק נמוכה, נמכר עקב מעבר לרכב חדש, מערכת מולטימדיה, שמורה מאוד, מתאים לסטודנטים"
77,רנו,פלואנס,2013,7000,221000,היברידי,אוטומטי,1500,2,אשדוד,"רכב אמין ונוח, אחזקה זולה, מזגן תקין, מערכת מולטימדיה, נמכר עקב מעבר לרכב חדש, רכב ראשון מצוין"
78,ניסאן,מיקרה,2016,12000,157000,דיזל,אוטומטי,1100,4,חיפה,"רכב קטן וחסכוני, צריכת דלק נמוכה, יד פרטית, טסט בתוקף, ללא תאונות משמעותיות, רכב ראשון מצוין"
79,מיצובישי,אאוטלנדר,2014,30000,187000,בנזין,אוטומטי,2000,2,הרצליה,"רכב פנאי גבוה, ישיבה גבוהה ונוחה, מטופל בזמן, נמכר עקב מעבר לרכב חדש, מזגן תקין, חסכוני בדלק"
80,ניסאן,אקס טרייל,2018,54000,89000,דיזל,אוטומטי,2000,2,גבעתיים,"ביטוח נוח יחסית, מתאים לנהג צעיר, נמכר עקב מעבר לרכב חדש, מצב מכני טוב, טסט בתוקף, רכב ראשון מצוין"
81,פורד,מונדאו,2023,88000,10005,בנזין,אוטומטי,2000,2,אילת,"נסיעה שקטה ונעימה, מטופל בקפידה, שמורה מאוד, ללא תאונות משמעותיות, טסט בתוקף, מתאים לסטודנטים"
82,יונדאי,טוסון,2013,27000,185000,בנזין,אוטומטי,2100,1,קריית אונו,"מתאים לטיולים ולמשפחה, מרווח במיוחד, שמורה מאוד, ללא תאונות משמעותיות, מערכת מולטימדיה, מתאים לסטודנטים"
83,סקודה,קאמיק,2012,7000,229000,בנזין,אוטומטי,1600,1,הרצליה,"מתאים לטיולים ולמשפחה, רכב פנאי גבוה, מצב מכני טוב, חיישני רוורס, נמכר עקב מעבר לרכב חדש"
84,הונדה,ג'אז,2019,47000,103000,היברידי,אוטומטי,1300,3,עפולה,"נוח לנסיעות ארוכות, מתאים למשפחה, מצב מכני טוב, חיישני רוורס, ללא תאונות משמעותיות, מתאים לסטודנטים"
85,שברולט,מאליבו,2021,57000,98000,בנזין,אוטומטי,1500,1,כפר סבא,"רמת גימור גבוהה, אבזור עשיר, שמורה מאוד, מצב מכני טוב, מזגן תקין, מתאים לסטודנטים"
86,סיאט,טולדו,2025,78000,30687,בנזין,אוטומטי,1200,2,באר שבע,"רכב אמין ונוח, ביטוח נוח יחסית, שמורה מאוד, ללא תאונות משמעותיות, מצב מכני טוב"
87,סוזוקי,ויטארה,2014,16000,184000,חשמלי,אוטומטי,0,1,רמת גן,"ישיבה גבוהה ונוחה, רכב פנאי גבוה, יד פרטית, מצב מכני טוב, מטופל בזמן"
88,רנו,קדג'אר,2014,7000,196000,בנזין,אוטומטי,1400,1,הרצליה,"תא מטען גדול, מתאים למשפחה, מזגן תקין, יד פרטית, מערכת מולטימדיה"
89,פולקסווגן,טיגואן,2025,116000,33874,בנזין,אוטומטי,1900,2,חולון,"מרווח במיוחד, רכב פנאי גבוה, טסט בתוקף, ללא תאונות משמעותיות, יד פרטית, מתאים לסטודנטים"
90,הונדה,ג'אז,2023,86000,34446,היברידי,אוטומטי,1300,1,מודיעין,"רמת גימור גבוהה, מטופל בקפידה, מערכת מולטימדיה, שמורה מאוד, מטופל בזמן"
91,ניסאן,מיקרה,2017,27000,149000,בנזין,אוטומטי,1200,2,רמת גן,"מתאים במיוחד לנסיעות עירוניות, רכב קטן וחסכוני, יד פרטית, מערכת מולטימדיה, ללא תאונות משמעותיות"
92,הונדה,ג'אז,2012,7000,247000,בנזין,אוטומטי,1200,1,רחובות,"נוח לנסיעות ארוכות, רכב משפחתי מרווח, מטופל בזמן, טסט בתוקף, נמכר עקב מעבר לרכב חדש, רכב ראשון מצוין"
93,פורד,קוגה,2021,52000,71000,בנזין,אוטומטי,1400,2,רחובות,"מרווח במיוחד, רכב פנאי גבוה, מזגן תקין, שמורה מאוד, טסט בתוקף"
94,שברולט,קרוז,2013,7000,213000,חשמלי,אוטומטי,0,1,אשקלון,"מתאים למשפחה, תא מטען גדול, יד פרטית, מטופל בזמן, שמורה מאוד"
95,פיג'ו,208,2024,77000,7905,בנזין,אוטומטי,1200,1,ראשון לציון,"צריכת דלק נמוכה, קל לחניה ונוח לתפעול, מערכת מולטימדיה, ללא תאונות משמעותיות, חיישני רוורס, מתאים לסטודנטים"
96,סקודה,ראפיד,2012,7000,244000,היברידי,ידני,1400,1,חיפה,"תא מטען גדול, מתאים למשפחה, שמורה מאוד, מטופל בזמן, מזגן תקין"
97,ניסאן,ג'וק,2018,29000,119000,בנזין,אוטומטי,1700,3,אילת,"מתאים לנהג צעיר, ביטוח נוח יחסית, נמכר עקב מעבר לרכב חדש, מצב מכני טוב, מזגן תקין"
98,סוזוקי,סוויפט,2013,7000,193000,בנזין,אוטומטי,1300,1,עפולה,"רכב קטן וחסכוני, קל לחניה ונוח לתפעול, שמורה מאוד, נמכר עקב מעבר לרכב חדש, יד פרטית, רכב ראשון מצוין"
99,פיג'ו,2008,2017,20000,133000,בנזין,אוטומטי,1200,1,גבעתיים,"מתאים למשפחה, רכב משפחתי מרווח, ללא תאונות משמעותיות, מצב מכני טוב, טסט בתוקף"
100,רנו,קליאו,2021,61000,59000,בנזין,אוטומטי,1200,1,הרצליה,"צריכת דלק נמוכה, מתאים במיוחד לנסיעות עירוניות, יד פרטית, טסט בתוקף, מצב מכני טוב, מתאים לסטודנטים"
101,הונדה,CR-V,2013,12000,230000,בנזין,אוטומטי,2100,4,רחובות,"מרווח במיוחד, רכב פנאי גבוה, מצב מכני טוב, ללא תאונות משמעותיות, מזגן תקין"
102,טויוטה,אייגו,2025,95000,24029,חשמלי,אוטומטי,0,3,ראשון לציון,"קל לחניה ונוח לתפעול, צריכת דלק נמוכה, טסט בתוקף, מצב מכני טוב, מזגן תקין"
103,סוזוקי,איגניס,2021,52000,58000,בנזין,אוטומטי,1100,2,באר שבע,"נוח לנסיעות ארוכות, תא מטען גדול, מערכת מולטימדיה, חיישני רוורס, נמכר עקב מעבר לרכב חדש, רכב ראשון מצוין"
104,סוזוקי,סוויפט,2019,40000,135000,בנזין,אוטומטי,1200,2,רמת גן,"צריכת דלק נמוכה, קל לחניה ונוח לתפעול, מטופל בזמן, מצב מכני טוב, ללא תאונות משמעותיות"
105,קיה,סיד,2020,54000,74000,היברידי,אוטומטי,1600,2,נהריה,"אחזקה זולה, ביטוח נוח יחסית, יד פרטית, חיישני רוורס, מצב מכני טוב"
106,יונדאי,i20,2022,58000,77000,בנזין,ידני,1400,1,קריית אונו,"אחזקה זולה, ביטוח נוח יחסית, נמכר עקב מעבר לרכב חדש, מטופל בזמן, מערכת מולטימדיה"
107,סקודה,סופרב,2015,43000,157000,היברידי,אוטומטי,2000,1,חיפה,"נסיעה שקטה ונעימה, מטופל בקפידה, נמכר עקב מעבר לרכב חדש, מערכת מולטימדיה, חיישני רוורס"
108,סיאט,ארונה,2023,88000,38749,חשמלי,אוטומטי,0,1,נתניה,"מרווח במיוחד, רכב פנאי גבוה, יד פרטית, מערכת מולטימדיה, טסט בתוקף, מתאים לסטודנטים, חסכוני בדלק"
109,פורד,אקו ספורט,2018,25000,146000,בנזין,אוטומטי,1000,3,כפר סבא,"תא מטען גדול, מתאים למשפחה, חיישני רוורס, מערכת מולטימדיה, מזגן תקין, רכב ראשון מצוין"
110,ניסאן,אקס טרייל,2019,56000,109000,חשמלי,אוטומטי,0,2,אשקלון,"מתאים לנהג צעיר, רכב אמין ונוח, נמכר עקב מעבר לרכב חדש, ללא תאונות משמעותיות, יד פרטית"
111,ניסאן,מיקרה,2021,53000,85000,בנזין,אוטומטי,1200,1,עפולה,"קל לחניה ונוח לתפעול, צריכת דלק נמוכה, מזגן תקין, מצב מכני טוב, ללא תאונות משמעותיות"
112,סוזוקי,איגניס,2017,22000,140000,דיזל,אוטומטי,1100,1,כפר סבא,"רכב אמין ונוח, מתאים לנהג צעיר, מזגן תקין, חיישני רוורס, ללא תאונות משמעותיות"
113,רנו,קפצ'ור,2021,58000,83000,בנזין,אוטומטי,1100,2,רחובות,"מתאים לנהג צעיר, אחזקה זולה, שמורה מאוד, מצב מכני טוב, נמכר עקב מעבר לרכב חדש"
114,סיאט,איביזה,2021,61000,55000,בנזין,ידני,900,1,אילת,"צריכת דלק נמוכה, רכב קטן וחסכוני, טסט בתוקף, מטופל בזמן, מצב מכני טוב"
115,ניסאן,סנטרה,2018,40000,115000,בנזין,אוטומטי,1700,1,רמת גן,"תא מטען גדול, נוח לנסיעות ארוכות, שמורה מאוד, מערכת מולטימדיה, נמכר עקב מעבר לרכב חדש"
116,סוזוקי,איגניס,2017,27000,135000,דיזל,אוטומטי,1200,1,רחובות,"נוח לנסיעות ארוכות, תא מטען גדול, טסט בתוקף, מערכת מולטימדיה, שמורה מאוד"
117,סיאט,ארונה,2016,14000,152000,בנזין,אוטומטי,1100,2,רמת גן,"מתאים לטיולים ולמשפחה, רכב פנאי גבוה, יד פרטית, מצב מכני טוב, שמורה מאוד"
118,קיה,ריו,2025,81000,43458,בנזין,ידני,1400,1,אילת,"תא מטען גדול, רכב משפחתי מרווח, מצב מכני טוב, נמכר עקב מעבר לרכב חדש, שמורה מאוד, חסכוני בדלק"
119,מאזדה,CX-5,2014,26000,211000,בנזין,ידני,2100,2,רחובות,"מתאים לטיולים ולמשפחה, ישיבה גבוהה ונוחה, מטופל בזמן, מצב מכני טוב, טסט בתוקף"
120,הונדה,סיוויק,2018,46000,146000,היברידי,אוטומטי,1600,1,רחובות,"רכב משפחתי מרווח, תא מטען גדול, מזגן תקין, מצב מכני טוב, שמורה מאוד"
121,מיצובישי,אטראז',2025,78000,26671,בנזין,אוטומטי,1200,2,אשדוד,"תא מטען גדול, רכב משפחתי מרווח, שמורה מאוד, יד פרטית, טסט בתוקף, מתאים לסטודנטים"
122,פורד,קוגה,2020,43000,100000,בנזין,אוטומטי,1500,3,תל אביב,"מתאים לטיולים ולמשפחה, ישיבה גבוהה ונוחה, טסט בתוקף, מערכת מולטימדיה, יד פרטית"
123,מאזדה,6,2022,84000,73000,בנזין,אוטומטי,2000,1,חולון,"נוח לנסיעות ארוכות, מתאים למשפחה, מצב מכני טוב, יד פרטית, שמורה מאוד"
124,יונדאי,i35,2023,86000,40226,חשמלי,אוטומטי,0,2,נתניה,"רמת גימור גבוהה, אבזור עשיר, מערכת מולטימדיה, חיישני רוורס, שמורה מאוד, מתאים לסטודנטים, רכב ראשון מצוין"
125,שברולט,מאליבו,2015,15000,138000,בנזין,אוטומטי,1500,1,פתח תקווה,"מטופל בקפידה, רמת גימור גבוהה, חיישני רוורס, מערכת מולטימדיה, מטופל בזמן"
126,מאזדה,CX-5,2019,72000,86000,דיזל,אוטומטי,2000,2,חיפה,"מרווח במיוחד, ישיבה גבוהה ונוחה, מצב מכני טוב, חיישני רוורס, מטופל בזמן, חסכוני בדלק"
127,מאזדה,6,2018,41000,148000,בנזין,אוטומטי,2100,4,חולון,"רכב אמין ונוח, אחזקה זולה, מצב מכני טוב, חיישני רוורס, ללא תאונות משמעותיות"
128,שברולט,טראקס,2020,49000,98000,בנזין,ידני,1400,2,נהריה,"רכב אמין ונוח, מתאים לנהג צעיר, טסט בתוקף, מערכת מולטימדיה, שמורה מאוד, מתאים לסטודנטים"
129,פולקסווגן,פולו,2012,7000,174000,היברידי,אוטומטי,1000,1,ירושלים,"רכב קטן וחסכוני, מתאים במיוחד לנסיעות עירוניות, מזגן תקין, מטופל בזמן, טסט בתוקף"
130,קיה,פיקנטו,2014,7000,182000,בנזין,אוטומטי,900,2,נתניה,"קל לחניה ונוח לתפעול, רכב קטן וחסכוני, חיישני רוורס, טסט בתוקף, נמכר עקב מעבר לרכב חדש, חסכוני בדלק"
131,הונדה,סיוויק,2022,66000,86000,דיזל,אוטומטי,1600,3,חולון,"נוח לנסיעות ארוכות, מתאים למשפחה, נמכר עקב מעבר לרכב חדש, מזגן תקין, ללא תאונות משמעותיות"
132,קיה,ריו,2016,20000,180000,היברידי,אוטומטי,1500,2,רמת גן,"אחזקה זולה, רכב אמין ונוח, טסט בתוקף, שמורה מאוד, מצב מכני טוב, רכב ראשון מצוין"
133,סיאט,לאון,2012,7000,212000,בנזין,אוטומטי,1300,3,פתח תקווה,"תא מטען גדול, מתאים למשפחה, טסט בתוקף, שמורה מאוד, יד פרטית, חסכוני בדלק"
134,סיאט,איביזה,2023,80000,18402,חשמלי,אוטומטי,0,3,נהריה,"קל לחניה ונוח לתפעול, מתאים במיוחד לנסיעות עירוניות, נמכר עקב מעבר לרכב חדש, מערכת מולטימדיה, שמורה מאוד"
135,מיצובישי,ספייס סטאר,2024,88000,25986,חשמלי,אוטומטי,0,1,מודיעין,"רכב קטן וחסכוני, קל לחניה ונוח לתפעול, טסט בתוקף, ללא תאונות משמעותיות, מטופל בזמן"
136,ניסאן,קשקאי,2014,10000,203000,בנזין,אוטומטי,1200,3,כפר סבא,"מתאים לטיולים ולמשפחה, ישיבה גבוהה ונוחה, מערכת מולטימדיה, מזגן תקין, ללא תאונות משמעותיות"
137,שברולט,טראקס,2014,13000,174000,היברידי,אוטומטי,1400,1,באר שבע,"רכב משפחתי מרווח, מתאים למשפחה, נמכר עקב מעבר לרכב חדש, ללא תאונות משמעותיות, טסט בתוקף, מתאים לסטודנטים"
138,מיצובישי,לנסר,2012,7000,247000,בנזין,אוטומטי,1500,1,נהריה,"מתאים לנהג צעיר, רכב אמין ונוח, חיישני רוורס, יד פרטית, מזגן תקין, מתאים לסטודנטים"
139,פולקסווגן,גולף,2013,7000,194000,היברידי,אוטומטי,1400,2,אשדוד,"ביטוח נוח יחסית, אחזקה זולה, מצב מכני טוב, שמורה מאוד, נמכר עקב מעבר לרכב חדש"
140,סקודה,קודיאק,2025,128000,41221,היברידי,אוטומטי,2000,1,תל אביב,"ישיבה גבוהה ונוחה, רכב פנאי גבוה, מערכת מולטימדיה, נמכר עקב מעבר לרכב חדש, שמורה מאוד, רכב ראשון מצוין"
141,שברולט,ספארק,2015,8000,186000,בנזין,אוטומטי,900,1,באר שבע,"קל לחניה ונוח לתפעול, צריכת דלק נמוכה, מזגן תקין, מטופל בזמן, ללא תאונות משמעותיות"
142,רנו,מגאן,2024,84000,42138,היברידי,אוטומטי,1500,2,נהריה,"רכב אמין ונוח, ביטוח נוח יחסית, ללא תאונות משמעותיות, מצב מכני טוב, שמורה מאוד, מתאים לסטודנטים"
143,סוזוקי,איגניס,2024,81000,6941,בנזין,אוטומטי,1200,1,עפולה,"אחזקה זולה, רכב אמין ונוח, חיישני רוורס, נמכר עקב מעבר לרכב חדש, מזגן תקין"
144,פולקסווגן,פאסאט,2016,34000,158000,היברידי,אוטומטי,1800,1,חולון,"אבזור עשיר, נסיעה שקטה ונעימה, מצב מכני טוב, מזגן תקין, מטופל בזמן"
145,טויוטה,קורולה,2013,7000,225000,בנזין,אוטומטי,1500,1,תל אביב,"נוח לנסיעות ארוכות, מתאים למשפחה, מצב מכני טוב, שמורה מאוד, נמכר עקב מעבר לרכב חדש, מתאים לסטודנטים"
146,סיאט,טולדו,2015,7000,183000,בנזין,אוטומטי,1300,1,באר שבע,"מתאים למשפחה, תא מטען גדול, נמכר עקב מעבר לרכב חדש, יד פרטית, מערכת מולטימדיה"
147,סיאט,אטקה,2021,55000,92000,בנזין,אוטומטי,1500,1,חולון,"מתאים לטיולים ולמשפחה, מרווח במיוחד, נמכר עקב מעבר לרכב חדש, שמורה מאוד, מערכת מולטימדיה"
148,רנו,מגאן,2016,14000,149000,בנזין,ידני,1500,3,רחובות,"מתאים למשפחה, נוח לנסיעות ארוכות, טסט בתוקף, שמורה מאוד, נמכר עקב מעבר לרכב חדש"
149,הונדה,CR-V,2015,31000,177000,בנזין,אוטומטי,1900,3,עפולה,"ישיבה גבוהה ונוחה, מרווח במיוחד, יד פרטית, מצב מכני טוב, נמכר עקב מעבר לרכב חדש, חסכוני בדלק"
150,סקודה,קודיאק,2014,43000,169000,דיזל,אוטומטי,2000,1,אילת,"מרווח במיוחד, מתאים לטיולים ולמשפחה, מטופל בזמן, שמורה מאוד, מצב מכני טוב, מתאים לסטודנטים"
151,יונדאי,טוסון,2021,82000,88000,בנזין,ידני,2100,3,מודיעין,"רכב פנאי גבוה, מרווח במיוחד, מצב מכני טוב, יד פרטית, טסט בתוקף"
152,רנו,מגאן,2019,37000,108000,בנזין,אוטומטי,1400,1,רחובות,"מתאים לנהג צעיר, רכב אמין ונוח, ללא תאונות משמעותיות, שמורה מאוד, יד פרטית"
153,סוזוקי,קרוסאובר,2013,7000,198000,בנזין,אוטומטי,1400,1,ירושלים,"נוח לנסיעות ארוכות, מתאים למשפחה, מצב מכני טוב, ללא תאונות משמעותיות, טסט בתוקף"
154,ניסאן,ג'וק,2015,10000,164000,היברידי,אוטומטי,1600,2,פתח תקווה,"רכב אמין ונוח, אחזקה זולה, מטופל בזמן, טסט בתוקף, חיישני רוורס"
155,רנו,קליאו,2024,87000,17915,היברידי,אוטומטי,1200,1,אשקלון,"קל לחניה ונוח לתפעול, צריכת דלק נמוכה, נמכר עקב מעבר לרכב חדש, מזגן תקין, מצב מכני טוב"
156,פורד,מונדאו,2021,71000,91000,בנזין,אוטומטי,2000,1,רמת גן,"מתאים למשפחה, תא מטען גדול, מזגן תקין, ללא תאונות משמעותיות, נמכר עקב מעבר לרכב חדש"
157,הונדה,סיוויק,2020,49000,106000,בנזין,אוטומטי,1600,2,גבעתיים,"נוח לנסיעות ארוכות, רכב משפחתי מרווח, מערכת מולטימדיה, ללא תאונות משמעותיות, טסט בתוקף"
158,מיצובישי,אאוטלנדר,2022,86000,57000,בנזין,אוטומטי,2100,2,נתניה,"מתאים לטיולים ולמשפחה, רכב פנאי גבוה, יד פרטית, טסט בתוקף, מזגן תקין, מתאים לסטודנטים"
159,פולקסווגן,טיגואן,2020,84000,97000,בנזין,אוטומטי,2000,2,הרצליה,"רכב פנאי גבוה, מתאים לטיולים ולמשפחה, מערכת מולטימדיה, חיישני רוורס, טסט בתוקף, חסכוני בדלק"
160,פולקסווגן,גולף,2016,27000,141000,היברידי,אוטומטי,1400,3,ירושלים,"תא מטען גדול, נוח לנסיעות ארוכות, מזגן תקין, שמורה מאוד, נמכר עקב מעבר לרכב חדש, מתאים לסטודנטים, חסכוני בדלק"
161,קיה,פיקנטו,2021,52000,107000,בנזין,אוטומטי,900,1,רחובות,"קל לחניה ונוח לתפעול, צריכת דלק נמוכה, יד פרטית, חיישני רוורס, מצב מכני טוב, מתאים לסטודנטים"
162,מאזדה,6,2025,110000,21223,דיזל,אוטומטי,2000,1,רמת גן,"אבזור עשיר, מטופל בקפידה, נמכר עקב מעבר לרכב חדש, מזגן תקין, מערכת מולטימדיה, מתאים לסטודנטים"
163,ניסאן,אקס טרייל,2023,90000,34798,בנזין,ידני,2000,1,תל אביב,"רמת גימור גבוהה, אבזור עשיר, מערכת מולטימדיה, שמורה מאוד, מצב מכני טוב"
164,פורד,פוקוס,2019,41000,103000,בנזין,אוטומטי,1600,2,חיפה,"רכב משפחתי מרווח, נוח לנסיעות ארוכות, מערכת מולטימדיה, מטופל בזמן, מצב מכני טוב"
165,ניסאן,סנטרה,2023,78000,15418,היברידי,ידני,1600,1,הרצליה,"מתאים לנהג צעיר, אחזקה זולה, ללא תאונות משמעותיות, מטופל בזמן, נמכר עקב מעבר לרכב חדש"
166,ניסאן,מיקרה,2023,65000,34167,בנזין,אוטומטי,1200,1,כפר סבא,"רכב קטן וחסכוני, מתאים במיוחד לנסיעות עירוניות, ללא תאונות משמעותיות, מערכת מולטימדיה, מצב מכני טוב, חסכוני בדלק"
167,טויוטה,אוריס,2017,33000,154000,היברידי,אוטומטי,1600,4,רמת גן,"רכב משפחתי מרווח, נוח לנסיעות ארוכות, ללא תאונות משמעותיות, מערכת מולטימדיה, שמורה מאוד"
168,ניסאן,אקס טרייל,2022,88000,70000,בנזין,אוטומטי,2000,1,מודיעין,"אבזור עשיר, רמת גימור גבוהה, טסט בתוקף, יד פרטית, מצב מכני טוב"
169,סקודה,קודיאק,2012,21000,231000,היברידי,אוטומטי,2000,1,אילת,"ישיבה גבוהה ונוחה, מתאים לטיולים ולמשפחה, נמכר עקב מעבר לרכב חדש, יד פרטית, מטופל בזמן"
170,ניסאן,מיקרה,2015,7000,178000,בנזין,אוטומטי,1100,3,רמת גן,"צריכת דלק נמוכה, קל לחניה ונוח לתפעול, נמכר עקב מעבר לרכב חדש, שמורה מאוד, ללא תאונות משמעותיות"
171,מאזדה,CX-5,2013,22000,206000,בנזין,אוטומטי,2000,1,אילת,"מרווח במיוחד, ישיבה גבוהה ונוחה, נמכר עקב מעבר לרכב חדש, מצב מכני טוב, ללא תאונות משמעותיות"
172,קיה,ריו,2020,49000,89000,בנזין,אוטומטי,1400,1,באר שבע,"מתאים לנהג צעיר, אחזקה זולה, מזגן תקין, מטופל בזמן, יד פרטית"
173,מאזדה,3,2023,70000,39275,בנזין,אוטומטי,1500,2,אשדוד,"נוח לנסיעות ארוכות, רכב משפחתי מרווח, יד פרטית, מצב מכני טוב, מטופל בזמן"
174,סקודה,קודיאק,2021,95000,66000,בנזין,אוטומטי,1900,1,ראשון לציון,"מתאים לטיולים ולמשפחה, רכב פנאי גבוה, מזגן תקין, מצב מכני טוב, טסט בתוקף, חסכוני בדלק"
175,מאזדה,3,2012,7000,240000,בנזין,אוטומטי,1500,3,חיפה,"מתאים למשפחה, רכב משפחתי מרווח, שמורה מאוד, טסט בתוקף, נמכר עקב מעבר לרכב חדש"
176,רנו,קפצ'ור,2013,7000,212000,בנזין,ידני,1200,3,באר שבע,"ביטוח נוח יחסית, אחזקה זולה, שמורה מאוד, מצב מכני טוב, מערכת מולטימדיה, מתאים לסטודנטים"
177,סקודה,קודיאק,2021,84000,101000,בנזין,אוטומטי,2100,2,נהריה,"ישיבה גבוהה ונוחה, רכב פנאי גבוה, מטופל בזמן, נמכר עקב מעבר לרכב חדש, מזגן תקין"
178,הונדה,ג'אז,2017,23000,162000,בנזין,אוטומטי,1300,1,חיפה,"נוח לנסיעות ארוכות, רכב משפחתי מרווח, מטופל בזמן, טסט בתוקף, נמכר עקב מעבר לרכב חדש"
179,טויוטה,ראב 4,2013,16000,221000,בנזין,אוטומטי,2100,2,חיפה,"מרווח במיוחד, מתאים לטיולים ולמשפחה, ללא תאונות משמעותיות, טסט בתוקף, יד פרטית"
180,סיאט,ארונה,2017,17000,164000,בנזין,אוטומטי,1000,1,ראשון לציון,"מרווח במיוחד, ישיבה גבוהה ונוחה, שמורה מאוד, נמכר עקב מעבר לרכב חדש, מצב מכני טוב"
181,סקודה,סופרב,2016,48000,183000,היברידי,אוטומטי,2000,2,חיפה,"נסיעה שקטה ונעימה, מטופל בקפידה, ללא תאונות משמעותיות, מצב מכני טוב, טסט בתוקף, רכב ראשון מצוין"
182,סקודה,אוקטביה,2025,100000,41052,חשמלי,אוטומטי,0,1,ירושלים,"נסיעה שקטה ונעימה, רמת גימור גבוהה, מטופל בזמן, מזגן תקין, טסט בתוקף, מתאים לסטודנטים"
183,פיג'ו,208,2021,43000,91000,בנזין,ידני,1200,4,פתח תקווה,"צריכת דלק נמוכה, רכב קטן וחסכוני, מצב מכני טוב, שמורה מאוד, מזגן תקין, מתאים לסטודנטים"
184,רנו,קדג'אר,2025,84000,19071,דיזל,אוטומטי,1600,1,עפולה,"רכב משפחתי מרווח, נוח לנסיעות ארוכות, מזגן תקין, טסט בתוקף, יד פרטית"
185,טויוטה,אוריס,2018,34000,118000,בנזין,אוטומטי,1500,2,נהריה,"מתאים למשפחה, נוח לנסיעות ארוכות, שמורה מאוד, מערכת מולטימדיה, חיישני רוורס"
186,סקודה,ראפיד,2012,7000,276000,בנזין,אוטומטי,1400,1,קריית אונו,"תא מטען גדול, רכב משפחתי מרווח, טסט בתוקף, מזגן תקין, יד פרטית"
187,פולקסווגן,גולף,2021,65000,100000,היברידי,אוטומטי,1400,1,קריית אונו,"ביטוח נוח יחסית, רכב אמין ונוח, מטופל בזמן, שמורה מאוד, ללא תאונות משמעותיות"
188,הונדה,HR-V,2020,45000,119000,בנזין,אוטומטי,1500,1,תל אביב,"מתאים לטיולים ולמשפחה, מרווח במיוחד, טסט בתוקף, ללא תאונות משמעותיות, שמורה מאוד"
189,סוזוקי,סוויפט,2012,7000,232000,בנזין,אוטומטי,1200,2,הרצליה,"רכב קטן וחסכוני, מתאים במיוחד לנסיעות עירוניות, נמכר עקב מעבר לרכב חדש, מצב מכני טוב, שמורה מאוד, חסכוני בדלק"
190,ניסאן,ג'וק,2022,64000,50000,בנזין,אוטומטי,1500,1,קריית אונו,"מתאים למשפחה, תא מטען גדול, יד פרטית, ללא תאונות משמעותיות, חיישני רוורס"
191,ניסאן,אקס טרייל,2012,7000,185000,בנזין,אוטומטי,1900,2,ירושלים,"אחזקה זולה, רכב אמין ונוח, מצב מכני טוב, טסט בתוקף, שמורה מאוד"
192,טויוטה,אייגו,2022,73000,76000,בנזין,ידני,1100,1,אשדוד,"רכב קטן וחסכוני, קל לחניה ונוח לתפעול, מטופל בזמן, מזגן תקין, נמכר עקב מעבר לרכב חדש"
193,ניסאן,ג'וק,2018,34000,129000,בנזין,אוטומטי,1700,2,נתניה,"מתאים למשפחה, רכב משפחתי מרווח, מטופל בזמן, יד פרטית, מזגן תקין, רכב ראשון מצוין"
194,יונדאי,i35,2014,7000,165000,דיזל,אוטומטי,1600,2,מודיעין,"תא מטען גדול, נוח לנסיעות ארוכות, נמכר עקב מעבר לרכב חדש, ללא תאונות משמעותיות, מטופל בזמן, מתאים לסטודנטים"
195,סיאט,טולדו,2023,77000,24490,היברידי,אוטומטי,1200,1,חולון,"מתאים למשפחה, רכב משפחתי מרווח, מטופל בזמן, שמורה מאוד, מזגן תקין"
196,רנו,קדג'אר,2015,7000,196000,בנזין,אוטומטי,1500,1,חולון,"רכב אמין ונוח, ביטוח נוח יחסית, יד פרטית, מצב מכני טוב, נמכר עקב מעבר לרכב חדש"
197,מיצובישי,ספייס סטאר,2016,20000,157000,בנזין,אוטומטי,1200,1,ירושלים,"רכב קטן וחסכוני, קל לחניה ונוח לתפעול, שמורה מאוד, חיישני רוורס, נמכר עקב מעבר לרכב חדש"
198,פורד,קוגה,2025,79000,24585,בנזין,ידני,1600,1,חיפה,"ישיבה גבוהה ונוחה, רכב פנאי גבוה, מערכת מולטימדיה, ללא תאונות משמעותיות, חיישני רוורס"
199,ניסאן,מיקרה,2022,68000,58000,בנזין,ידני,1200,1,באר שבע,"רכב קטן וחסכוני, מתאים במיוחד לנסיעות עירוניות, חיישני רוורס, נמכר עקב מעבר לרכב חדש, שמורה מאוד"
200,מאזדה,CX-5,2021,87000,94000,בנזין,אוטומטי,2100,2,ירושלים,"רכב פנאי גבוה, מתאים לטיולים ולמשפחה, מצב מכני טוב, יד פרטית, שמורה מאוד"
201,רנו,פלואנס,2019,40000,131000,בנזין,אוטומטי,1600,2,חולון,"מתאים למשפחה, תא מטען גדול, טסט בתוקף, מטופל בזמן, מערכת מולטימדיה, רכב ראשון מצוין"
202,פורד,מונדאו,2016,24000,173000,בנזין,אוטומטי,2000,4,עפולה,"ביטוח נוח יחסית, רכב אמין ונוח, נמכר עקב מעבר לרכב חדש, מצב מכני טוב, טסט בתוקף"
203,מיצובישי,ASX,2025,80000,9300,בנזין,אוטומטי,1600,2,חולון,"רכב משפחתי מרווח, מתאים למשפחה, טסט בתוקף, מזגן תקין, מטופל בזמן"
204,סיאט,לאון,2016,12000,154000,בנזין,אוטומטי,1500,1,אשקלון,"מתאים למשפחה, רכב משפחתי מרווח, מערכת מולטימדיה, חיישני רוורס, שמורה מאוד"
205,פורד,פיאסטה,2016,10000,153000,בנזין,אוטומטי,900,3,נתניה,"מתאים במיוחד לנסיעות עירוניות, צריכת דלק נמוכה, נמכר עקב מעבר לרכב חדש, חיישני רוורס, מטופל בזמן"
206,מיצובישי,אטראז',2022,60000,64000,בנזין,אוטומטי,1200,2,אשדוד,"רכב אמין ונוח, אחזקה זולה, מערכת מולטימדיה, יד פרטית, טסט בתוקף"
207,ניסאן,אקס טרייל,2013,7000,241000,בנזין,ידני,2000,2,גבעתיים,"ביטוח נוח יחסית, רכב אמין ונוח, מצב מכני טוב, מערכת מולטימדיה, מזגן תקין"
208,סקודה,אוקטביה,2022,64000,72000,דיזל,ידני,1600,3,גבעתיים,"ביטוח נוח יחסית, רכב אמין ונוח, ללא תאונות משמעותיות, מטופל בזמן, מערכת מולטימדיה"
209,ניסאן,מיקרה,2021,55000,100000,דיזל,אוטומטי,1200,2,נתניה,"צריכת דלק נמוכה, קל לחניה ונוח לתפעול, שמורה מאוד, חיישני רוורס, יד פרטית"
210,יונדאי,i25,2013,7000,209000,בנזין,אוטומטי,1500,3,באר שבע,"נוח לנסיעות ארוכות, רכב משפחתי מרווח, יד פרטית, נמכר עקב מעבר לרכב חדש, שמורה מאוד"
211,טויוטה,קאמרי,2012,9000,213000,היברידי,אוטומטי,2400,1,פתח תקווה,"רמת גימור גבוהה, אבזור עשיר, נמכר עקב מעבר לרכב חדש, חיישני רוורס, יד פרטית"
212,קיה,סיד,2018,52000,138000,חשמלי,אוטומטי,0,1,באר שבע,"ביטוח נוח יחסית, רכב אמין ונוח, ללא תאונות משמעותיות, שמורה מאוד, מטופל בזמן, מתאים לסטודנטים"
213,יונדאי,אלנטרה,2024,81000,13480,בנזין,אוטומטי,1600,1,מודיעין,"רכב אמין ונוח, אחזקה זולה, נמכר עקב מעבר לרכב חדש, מטופל בזמן, חיישני רוורס"
214,הונדה,אקורד,2024,107000,27567,היברידי,אוטומטי,2000,1,חולון,"אבזור עשיר, רמת גימור גבוהה, מצב מכני טוב, מטופל בזמן, יד פרטית"
215,שברולט,קרוז,2018,45000,118000,היברידי,ידני,1600,1,פתח תקווה,"מתאים למשפחה, רכב משפחתי מרווח, טסט בתוקף, מזגן תקין, ללא תאונות משמעותיות, חסכוני בדלק"
216,טויוטה,אוריס,2023,70000,43923,דיזל,אוטומטי,1600,2,תל אביב,"רכב משפחתי מרווח, תא מטען גדול, מערכת מולטימדיה, נמכר עקב מעבר לרכב חדש, מצב מכני טוב"
217,סיאט,איביזה,2016,14000,135000,בנזין,אוטומטי,900,2,רמת גן,"צריכת דלק נמוכה, רכב קטן וחסכוני, חיישני רוורס, מצב מכני טוב, יד פרטית, מתאים לסטודנטים, חסכוני בדלק"
218,קיה,סיד,2025,78000,37529,בנזין,אוטומטי,1700,2,אשקלון,"אחזקה זולה, מתאים לנהג צעיר, מטופל בזמן, מצב מכני טוב, חיישני רוורס"
219,טויוטה,ראב 4,2013,31000,213000,דיזל,אוטומטי,2000,1,רחובות,"מתאים לטיולים ולמשפחה, ישיבה גבוהה ונוחה, מטופל בזמן, מצב מכני טוב, ללא תאונות משמעותיות"
220,פיג'ו,308,2018,40000,138000,דיזל,אוטומטי,1200,1,הרצליה,"ביטוח נוח יחסית, רכב אמין ונוח, מצב מכני טוב, שמורה מאוד, חיישני רוורס"
221,סקודה,סופרב,2023,96000,12409,היברידי,אוטומטי,2000,2,חיפה,"נסיעה שקטה ונעימה, רמת גימור גבוהה, נמכר עקב מעבר לרכב חדש, מערכת מולטימדיה, חיישני רוורס"
222,מאזדה,3,2019,56000,106000,היברידי,אוטומטי,1600,1,אילת,"תא מטען גדול, נוח לנסיעות ארוכות, שמורה מאוד, חיישני רוורס, מצב מכני טוב"
223,פיג'ו,2008,2014,7000,194000,היברידי,אוטומטי,1100,1,ראשון לציון,"מתאים למשפחה, תא מטען גדול, ללא תאונות משמעותיות, מצב מכני טוב, מערכת מולטימדיה"
224,שברולט,סוניק,2020,50000,113000,בנזין,אוטומטי,1400,1,אשקלון,"ביטוח נוח יחסית, מתאים לנהג צעיר, מערכת מולטימדיה, מטופל בזמן, מצב מכני טוב, חסכוני בדלק"
225,פורד,פיאסטה,2024,80000,38314,בנזין,אוטומטי,1000,1,עפולה,"קל לחניה ונוח לתפעול, מתאים במיוחד לנסיעות עירוניות, מטופל בזמן, טסט בתוקף, מערכת מולטימדיה"
226,סיאט,ארונה,2023,73000,24135,בנזין,אוטומטי,1000,1,ירושלים,"רכב פנאי גבוה, מרווח במיוחד, מערכת מולטימדיה, ללא תאונות משמעותיות, נמכר עקב מעבר לרכב חדש, מתאים לסטודנטים"
227,הונדה,HR-V,2015,7000,176000,בנזין,אוטומטי,1500,2,חיפה,"רכב פנאי גבוה, ישיבה גבוהה ונוחה, מערכת מולטימדיה, חיישני רוורס, ללא תאונות משמעותיות, חסכוני בדלק"
228,שברולט,טראקס,2025,79000,13413,בנזין,ידני,1400,1,גבעתיים,"נוח לנסיעות ארוכות, מתאים למשפחה, נמכר עקב מעבר לרכב חדש, מזגן תקין, טסט בתוקף"
229,מיצובישי,אטראז',2014,7000,182000,בנזין,אוטומטי,1100,2,נהריה,"אחזקה זולה, מתאים לנהג צעיר, טסט בתוקף, יד פרטית, שמורה מאוד, חסכוני בדלק"
230,יונדאי,אלנטרה,2020,54000,98000,דיזל,אוטומטי,1600,2,מודיעין,"נוח לנסיעות ארוכות, תא מטען גדול, מטופל בזמן, חיישני רוורס, מצב מכני טוב, מתאים לסטודנטים, חסכוני בדלק"
231,קיה,סיד,2024,78000,14596,היברידי,ידני,1600,2,רחובות,"רכב משפחתי מרווח, תא מטען גדול, מערכת מולטימדיה, מצב מכני טוב, טסט בתוקף"
232,פולקסווגן,ג'טה,2023,81000,25490,דיזל,ידני,1500,1,אשדוד,"מתאים למשפחה, רכב משפחתי מרווח, שמורה מאוד, חיישני רוורס, טסט בתוקף"
233,יונדאי,טוסון,2013,14000,224000,בנזין,אוטומטי,1900,1,מודיעין,"מתאים לטיולים ולמשפחה, מרווח במיוחד, יד פרטית, ללא תאונות משמעותיות, חיישני רוורס"
234,סיאט,לאון,2012,7000,228000,בנזין,אוטומטי,1400,1,קריית אונו,"נוח לנסיעות ארוכות, רכב משפחתי מרווח, שמורה מאוד, חיישני רוורס, טסט בתוקף"
235,יונדאי,i35,2020,46000,71000,בנזין,אוטומטי,1600,2,כפר סבא,"ביטוח נוח יחסית, מתאים לנהג צעיר, מזגן תקין, חיישני רוורס, מערכת מולטימדיה"
236,מאזדה,2,2022,56000,76000,בנזין,אוטומטי,1400,2,כפר סבא,"מתאים לנהג צעיר, אחזקה זולה, יד פרטית, חיישני רוורס, מזגן תקין, מתאים לסטודנטים"
237,שברולט,מאליבו,2019,42000,105000,בנזין,אוטומטי,1500,1,ירושלים,"נסיעה שקטה ונעימה, אבזור עשיר, חיישני רוורס, מטופל בזמן, מצב מכני טוב"
238,פיג'ו,2008,2025,78000,15076,בנזין,אוטומטי,1300,1,כפר סבא,"רכב משפחתי מרווח, מתאים למשפחה, מטופל בזמן, ללא תאונות משמעותיות, יד פרטית"
239,סקודה,סופרב,2018,53000,94000,בנזין,אוטומטי,2000,1,ירושלים,"רמת גימור גבוהה, אבזור עשיר, מזגן תקין, מצב מכני טוב, מטופל בזמן, חסכוני בדלק"
240,טויוטה,אוריס,2024,89000,30894,דיזל,אוטומטי,1600,1,ראשון לציון,"נסיעה שקטה ונעימה, רמת גימור גבוהה, נמכר עקב מעבר לרכב חדש, חיישני רוורס, יד פרטית, חסכוני בדלק"
241,הונדה,אקורד,2012,7000,205000,בנזין,אוטומטי,2000,1,גבעתיים,"מטופל בקפידה, אבזור עשיר, חיישני רוורס, מצב מכני טוב, יד פרטית"
242,קיה,פורטה,2022,70000,70000,היברידי,אוטומטי,1600,1,קריית אונו,"מתאים למשפחה, נוח לנסיעות ארוכות, חיישני רוורס, מצב מכני טוב, יד פרטית"
243,רנו,קדג'אר,2017,16000,178000,בנזין,אוטומטי,1500,1,באר שבע,"נוח לנסיעות ארוכות, תא מטען גדול, מערכת מולטימדיה, שמורה מאוד, יד פרטית"
244,פולקסווגן,ג'טה,2018,34000,122000,בנזין,אוטומטי,1400,2,רמת גן,"נוח לנסיעות ארוכות, תא מטען גדול, מערכת מולטימדיה, מזגן תקין, שמורה מאוד, רכב ראשון מצוין"
245,פיג'ו,3008,2013,17000,183000,היברידי,אוטומטי,1600,1,באר שבע,"רכב פנאי גבוה, מרווח במיוחד, חיישני רוורס, מטופל בזמן, נמכר עקב מעבר לרכב חדש, רכב ראשון מצוין"
246,סקודה,קאמיק,2020,56000,66000,בנזין,אוטומטי,1500,2,רחובות,"ישיבה גבוהה ונוחה, מרווח במיוחד, חיישני רוורס, מזגן תקין, מצב מכני טוב"
247,פורד,אקו ספורט,2022,61000,88000,בנזין,אוטומטי,1100,1,קריית אונו,"תא מטען גדול, נוח לנסיעות ארוכות, מערכת מולטימדיה, שמורה מאוד, מטופל בזמן, רכב ראשון מצוין"
248,סוזוקי,בלנו,2012,7000,193000,דיזל,אוטומטי,1200,1,כפר סבא,"נוח לנסיעות ארוכות, מתאים למשפחה, יד פרטית, חיישני רוורס, ללא תאונות משמעותיות"
249,הונדה,ג'אז,2020,52000,122000,בנזין,ידני,1300,1,הרצליה,"רכב אמין ונוח, ביטוח נוח יחסית, מטופל בזמן, חיישני רוורס, ללא תאונות משמעותיות"
250,סקודה,ראפיד,2014,7000,182000,בנזין,אוטומטי,1400,2,אשקלון,"מתאים למשפחה, תא מטען גדול, טסט בתוקף, ללא תאונות משמעותיות, נמכר עקב מעבר לרכב חדש, מתאים לסטודנטים, חסכוני בדלק"
251,יונדאי,i20,2022,59000,48000,בנזין,ידני,1400,1,ראשון לציון,"מתאים למשפחה, נוח לנסיעות ארוכות, מזגן תקין, מטופל בזמן, יד פרטית"
252,מיצובישי,אאוטלנדר,2014,22000,201000,בנזין,אוטומטי,2000,2,אילת,"מתאים לטיולים ולמשפחה, רכב פנאי גבוה, שמורה מאוד, מערכת מולטימדיה, מצב מכני טוב, רכב ראשון מצוין"
253,קיה,נירו,2025,88000,44682,היברידי,אוטומטי,1600,1,גבעתיים,"רמת גימור גבוהה, אבזור עשיר, חיישני רוורס, מצב מכני טוב, מזגן תקין, חסכוני בדלק"
254,פורד,פיאסטה,2024,81000,39722,דיזל,אוטומטי,1100,1,אשקלון,"צריכת דלק נמוכה, מתאים במיוחד לנסיעות עירוניות, מזגן תקין, מצב מכני טוב, נמכר עקב מעבר לרכב חדש, מתאים לסטודנטים"
255,פורד,פיאסטה,2016,12000,164000,בנזין,אוטומטי,1000,1,תל אביב,"רכב קטן וחסכוני, קל לחניה ונוח לתפעול, מטופל בזמן, נמכר עקב מעבר לרכב חדש, טסט בתוקף"
256,יונדאי,i35,2022,56000,49000,בנזין,אוטומטי,1500,4,חולון,"מתאים למשפחה, נוח לנסיעות ארוכות, חיישני רוורס, מערכת מולטימדיה, ללא תאונות משמעותיות"
257,סקודה,קאמיק,2017,41000,152000,היברידי,אוטומטי,1500,1,נתניה,"מרווח במיוחד, מתאים לטיולים ולמשפחה, ללא תאונות משמעותיות, מצב מכני טוב, טסט בתוקף"
258,רנו,קליאו,2014,7000,201000,בנזין,אוטומטי,1200,1,באר שבע,"קל לחניה ונוח לתפעול, רכב קטן וחסכוני, שמורה מאוד, מצב מכני טוב, מטופל בזמן"
259,פיג'ו,3008,2016,37000,142000,דיזל,אוטומטי,1600,1,תל אביב,"ישיבה גבוהה ונוחה, מתאים לטיולים ולמשפחה, חיישני רוורס, יד פרטית, טסט בתוקף, מתאים לסטודנטים"
260,קיה,נירו,2014,7000,200000,דיזל,אוטומטי,1600,2,הרצליה,"מתאים למשפחה, תא מטען גדול, מזגן תקין, טסט בתוקף, מטופל בזמן, חסכוני בדלק, רכב ראשון מצוין"
261,סקודה,קודיאק,2025,112000,23121,בנזין,אוטומטי,2000,2,פתח תקווה,"מרווח במיוחד, ישיבה גבוהה ונוחה, מזגן תקין, מטופל בזמן, יד פרטית, מתאים לסטודנטים"
262,שברולט,קרוז,2017,34000,167000,היברידי,אוטומטי,1600,1,עפולה,"רכב אמין ונוח, מתאים לנהג צעיר, שמורה מאוד, מערכת מולטימדיה, חיישני רוורס"
263,סקודה,פאביה,2018,39000,105000,בנזין,ידני,1000,1,הרצליה,"רכב משפחתי מרווח, נוח לנסיעות ארוכות, יד פרטית, טסט בתוקף, מזגן תקין, מתאים לסטודנטים"
264,טויוטה,ראב 4,2014,34000,187000,בנזין,אוטומטי,1900,3,פתח תקווה,"מרווח במיוחד, מתאים לטיולים ולמשפחה, טסט בתוקף, מזגן תקין, חיישני רוורס"
265,קיה,נירו,2017,20000,187000,בנזין,אוטומטי,1600,3,אשקלון,"רכב משפחתי מרווח, נוח לנסיעות ארוכות, מטופל בזמן, מערכת מולטימדיה, שמורה מאוד"
266,הונדה,CR-V,2025,114000,42792,בנזין,אוטומטי,1900,1,מודיעין,"מרווח במיוחד, מתאים לטיולים ולמשפחה, מטופל בזמן, חיישני רוורס, שמורה מאוד"
267,טויוטה,אייגו,2020,58000,109000,בנזין,אוטומטי,1000,1,קריית אונו,"רכב קטן וחסכוני, מתאים במיוחד לנסיעות עירוניות, שמורה מאוד, יד פרטית, ללא תאונות משמעותיות"
268,רנו,קפצ'ור,2017,26000,139000,בנזין,אוטומטי,1300,1,ראשון לציון,"תא מטען גדול, נוח לנסיעות ארוכות, טסט בתוקף, מצב מכני טוב, יד פרטית"
269,קיה,ריו,2024,88000,5638,חשמלי,אוטומטי,0,1,רמת גן,"אבזור עשיר, נסיעה שקטה ונעימה, יד פרטית, מזגן תקין, מטופל בזמן, רכב ראשון מצוין"
270,פורד,מונדאו,2019,66000,111000,היברידי,אוטומטי,2000,3,אשדוד,"מתאים לנהג צעיר, אחזקה זולה, מצב מכני טוב, שמורה מאוד, טסט בתוקף"
271,פולקסווגן,ג'טה,2017,21000,161000,בנזין,אוטומטי,1500,1,רחובות,"אחזקה זולה, מתאים לנהג צעיר, שמורה מאוד, נמכר עקב מעבר לרכב חדש, חיישני רוורס, חסכוני בדלק"
272,קיה,סיד,2017,28000,135000,דיזל,אוטומטי,1500,2,הרצליה,"מתאים למשפחה, תא מטען גדול, ללא תאונות משמעותיות, מזגן תקין, מטופל בזמן, מתאים לסטודנטים"
273,סיאט,איביזה,2015,10000,165000,בנזין,אוטומטי,1000,1,תל אביב,"צריכת דלק נמוכה, קל לחניה ונוח לתפעול, מצב מכני טוב, מזגן תקין, יד פרטית, חסכוני בדלק"
274,ניסאן,קשקאי,2015,12000,199000,בנזין,אוטומטי,1300,1,הרצליה,"מתאים לטיולים ולמשפחה, ישיבה גבוהה ונוחה, מערכת מולטימדיה, חיישני רוורס, יד פרטית, חסכוני בדלק"
275,שברולט,סוניק,2021,57000,105000,בנזין,אוטומטי,1300,1,נהריה,"ביטוח נוח יחסית, אחזקה זולה, חיישני רוורס, טסט בתוקף, מצב מכני טוב"
276,סקודה,פאביה,2012,7000,213000,בנזין,אוטומטי,1000,2,אשקלון,"ביטוח נוח יחסית, מתאים לנהג צעיר, נמכר עקב מעבר לרכב חדש, יד פרטית, טסט בתוקף"
277,הונדה,CR-V,2018,65000,145000,בנזין,אוטומטי,2100,1,באר שבע,"מרווח במיוחד, מתאים לטיולים ולמשפחה, טסט בתוקף, חיישני רוורס, יד פרטית"
278,ניסאן,סנטרה,2025,86000,22834,בנזין,אוטומטי,1600,2,פתח תקווה,"אבזור עשיר, רמת גימור גבוהה, ללא תאונות משמעותיות, מטופל בזמן, חיישני רוורס, חסכוני בדלק"
279,סיאט,אטקה,2023,68000,37347,בנזין,אוטומטי,1500,1,רחובות,"מרווח במיוחד, ישיבה גבוהה ונוחה, מערכת מולטימדיה, מטופל בזמן, שמורה מאוד, מתאים לסטודנטים"
280,סקודה,סופרב,2013,7000,222000,בנזין,אוטומטי,2000,4,נתניה,"מטופל בקפידה, נסיעה שקטה ונעימה, טסט בתוקף, מטופל בזמן, מזגן תקין"
281,קיה,פורטה,2018,34000,97000,דיזל,אוטומטי,1600,2,חיפה,"רכב משפחתי מרווח, תא מטען גדול, מערכת מולטימדיה, יד פרטית, טסט בתוקף, חסכוני בדלק"
282,טויוטה,קורולה,2022,66000,48000,בנזין,אוטומטי,1600,1,חיפה,"מתאים למשפחה, נוח לנסיעות ארוכות, מזגן תקין, ללא תאונות משמעותיות, שמורה מאוד"
283,פיג'ו,3008,2017,41000,135000,היברידי,ידני,1600,1,רמת גן,"רכב פנאי גבוה, מרווח במיוחד, מערכת מולטימדיה, טסט בתוקף, שמורה מאוד"
284,פולקסווגן,טיגואן,2023,104000,7587,בנזין,אוטומטי,2000,2,נהריה,"מתאים לטיולים ולמשפחה, מרווח במיוחד, מערכת מולטימדיה, טסט בתוקף, ללא תאונות משמעותיות"
285,פורד,אקו ספורט,2025,80000,34450,בנזין,אוטומטי,1000,2,נהריה,"רכב אמין ונוח, מתאים לנהג צעיר, חיישני רוורס, נמכר עקב מעבר לרכב חדש, ללא תאונות משמעותיות"
286,רנו,מגאן,2017,33000,149000,דיזל,אוטומטי,1400,1,נהריה,"נוח לנסיעות ארוכות, תא מטען גדול, נמכר עקב מעבר לרכב חדש, שמורה מאוד, מצב מכני טוב, מתאים לסטודנטים, רכב ראשון מצוין"
287,יונדאי,i20,2025,76000,11471,בנזין,אוטומטי,1400,2,חולון,"מתאים למשפחה, נוח לנסיעות ארוכות, מזגן תקין, יד פרטית, מטופל בזמן, רכב ראשון מצוין"
288,הונדה,סיוויק,2022,66000,39000,בנזין,ידני,1600,2,מודיעין,"מתאים לנהג צעיר, ביטוח נוח יחסית, יד פרטית, חיישני רוורס, מטופל בזמן, רכב ראשון מצוין"
289,קיה,נירו,2013,7000,213000,בנזין,אוטומטי,1700,1,נתניה,"תא מטען גדול, נוח לנסיעות ארוכות, חיישני רוורס, נמכר עקב מעבר לרכב חדש, מצב מכני טוב"
290,סיאט,אטקה,2013,7000,182000,בנזין,אוטומטי,1600,4,עפולה,"מתאים לטיולים ולמשפחה, ישיבה גבוהה ונוחה, חיישני רוורס, שמורה מאוד, מזגן תקין"
291,סוזוקי,איגניס,2015,7000,175000,בנזין,אוטומטי,1100,1,עפולה,"רכב אמין ונוח, מתאים לנהג צעיר, מטופל בזמן, יד פרטית, מזגן תקין"
292,סקודה,ראפיד,2015,17000,195000,היברידי,אוטומטי,1400,3,רמת גן,"רכב משפחתי מרווח, תא מטען גדול, שמורה מאוד, ללא תאונות משמעותיות, חיישני רוורס"
293,סקודה,אוקטביה,2013,7000,198000,בנזין,אוטומטי,1600,2,אשקלון,"מתאים למשפחה, נוח לנסיעות ארוכות, מזגן תקין, מצב מכני טוב, יד פרטית, מתאים לסטודנטים"
294,פולקסווגן,פולו,2024,84000,19858,בנזין,אוטומטי,1100,2,תל אביב,"צריכת דלק נמוכה, רכב קטן וחסכוני, יד פרטית, חיישני רוורס, מטופל בזמן"
295,סיאט,לאון,2014,7000,210000,בנזין,אוטומטי,1500,2,קריית אונו,"רכב משפחתי מרווח, מתאים למשפחה, נמכר עקב מעבר לרכב חדש, יד פרטית, מזגן תקין, מתאים לסטודנטים"
296,סיאט,איביזה,2020,47000,70000,בנזין,אוטומטי,900,1,פתח תקווה,"צריכת דלק נמוכה, מתאים במיוחד לנסיעות עירוניות, מזגן תקין, טסט בתוקף, חיישני רוורס"
297,פיג'ו,3008,2013,7000,219000,בנזין,אוטומטי,1600,1,הרצליה,"רכב פנאי גבוה, ישיבה גבוהה ונוחה, ללא תאונות משמעותיות, שמורה מאוד, מערכת מולטימדיה"
298,קיה,ריו,2022,63000,69000,בנזין,אוטומטי,1400,3,רחובות,"נוח לנסיעות ארוכות, מתאים למשפחה, מצב מכני טוב, יד פרטית, מערכת מולטימדיה"
299,קיה,ריו,2020,50000,100000,בנזין,אוטומטי,1500,2,רמת גן,"רכב משפחתי מרווח, תא מטען גדול, מזגן תקין, חיישני רוורס, מטופל בזמן, חסכוני בדלק"
300,סיאט,טולדו,2016,13000,184000,בנזין,אוטומטי,1200,3,הרצליה,"רכב משפחתי מרווח, תא מטען גדול, נמכר עקב מעבר לרכב חדש, טסט בתוקף, מזגן תקין"
301,מיצובישי,ASX,2020,47000,107000,בנזין,אוטומטי,1700,3,תל אביב,"תא מטען גדול, נוח לנסיעות ארוכות, יד פרטית, שמורה מאוד, מערכת מולטימדיה"
302,סוזוקי,ויטארה,2022,57000,63000,בנזין,ידני,1500,3,תל אביב,"מתאים לטיולים ולמשפחה, רכב פנאי גבוה, ללא תאונות משמעותיות, שמורה מאוד, נמכר עקב מעבר לרכב חדש, חסכוני בדלק"
303,פיג'ו,3008,2025,92000,42545,בנזין,אוטומטי,1600,1,רחובות,"מתאים לטיולים ולמשפחה, ישיבה גבוהה ונוחה, חיישני רוורס, ללא תאונות משמעותיות, טסט בתוקף"
304,קיה,ריו,2016,17000,124000,דיזל,ידני,1400,2,קריית אונו,"נוח לנסיעות ארוכות, רכב משפחתי מרווח, חיישני רוורס, מזגן תקין, מצב מכני טוב"
305,מאזדה,6,2018,44000,145000,חשמלי,אוטומטי,0,3,אשדוד,"תא מטען גדול, רכב משפחתי מרווח, ללא תאונות משמעותיות, מזגן תקין, מטופל בזמן"
306,ריינג' רובר,Evoque,2017,170000,82120,דיזל,אוטומטי,2000,2,עפולה,"רכב במצב תצוגה, נמכר עקב שדרוג, גמיש מעט ליד הרכב בלבד, ריפודי עור, גג פנורמי, מפתח נוסף קיים, בקרת שיוט אדפטיבית"
307,לקסוס,IS300h,2021,119000,56182,היברידי,אוטומטי,2500,1,נהריה,"רכב יוקרתי לנהג/ת שמחפש/ת נוחות וביצועים, שמור מאוד, טסט ארוך, מתאים לנסיעות ארוכות, מצבר חדש"
308,לקסוס,NX300h,2017,196000,146515,היברידי,אוטומטי,2500,1,פתח תקווה,"רכב פרימיום שמור, יד נמוכה, חבילת אבזור גבוהה, נמכר עקב קבלת רכב מהעבודה, חסכוני בדלק"
309,ב.מ.וו,סדרה 3,2019,195000,85430,בנזין,אוטומטי,2000,2,רמת גן,"רכב במצב תצוגה, נמכר עקב שדרוג, גמיש מעט ליד הרכב בלבד, חסכוני בדלק"
310,מרצדס,GLA,2021,206000,68961,בנזין,אוטומטי,1600,1,נהריה,"רוצה להחליף בג'יפון גבוה, רכב שמור מאוד, ללא תאונות, מתאים למי שמחפש איכות ונוחות, מצבר חדש, ריפודי עור"
311,לקסוס,IS300h,2017,170000,87073,היברידי,אוטומטי,2500,1,קריות,"נמכר בעקבות שדרוג לרכב חדש יותר, מצב מצוין, פנים נקי, נסיעה חלקה ושקטה, מערכת שמע איכותית, ללא תאונות, מצלמת רוורס"
312,מיני,קופר,2023,161000,65949,בנזין,אוטומטי,1500,2,כפר סבא,"אפשרות לטרייד אין, רוצה להחליף ברכב יוקרה חדש יותר, רכב נקי מאוד עם היסטוריית טיפולים מלאה, טסט לשנה, ללא תאונות, חיישני חניה"
313,מרצדס,E-Class,2017,132000,152672,בנזין,אוטומטי,2000,2,נתניה,"מחפש/ת החלפה ברכב חשמלי, אפשרות להוסיף/לקבל הפרש, רכב יוקרתי ומטופל, ללא תאונות, בקרת שיוט אדפטיבית"
314,ריינג' רובר,Evoque,2020,168000,92787,דיזל,אוטומטי,2000,1,ראשון לציון,"רכב במצב תצוגה, נמכר עקב שדרוג, גמיש מעט ליד הרכב בלבד, חסכוני בדלק, חיישני חניה, בקרת שיוט אדפטיבית, מערכת בטיחות מקורית"
315,מאזדה,CX-5,2021,91000,31599,בנזין,אוטומטי,2000,2,רעננה,"רכב יוקרתי לנהג/ת שמחפש/ת נוחות וביצועים, שמור מאוד, טסט ארוך, מערכת בטיחות מקורית, מערכת שמע איכותית, מתאים לנסיעות ארוכות, מצבר חדש"
316,סקודה,סופרב,2022,85000,79391,בנזין,אוטומטי,1800,2,הרצליה,"רכב יוקרתי לנהג/ת שמחפש/ת נוחות וביצועים, שמור מאוד, טסט ארוך, בקרת שיוט אדפטיבית, מצלמת רוורס, מערכת שמע איכותית"
317,אאודי,A3,2021,173000,38670,בנזין,אוטומטי,1400,3,כפר סבא,"רכב משפחתי יוקרתי, נוח לנסיעות ארוכות, חסכוני יחסית, שמור ומטופל בקפדנות, מערכת שמע איכותית, מערכת בטיחות מקורית, חיישני חניה"
318,אאודי,A3,2022,105000,71203,בנזין,אוטומטי,1400,2,באר שבע,"רכב יוקרה ממש כמו חדש, נמכר בעקבות שדרוג, שמור בקנאות, מטופל רק במוסך מורשה, מצבר חדש, בקרת שיוט אדפטיבית, גג פנורמי"
319,לקסוס,IS300h,2021,131000,62011,היברידי,אוטומטי,2500,1,באר שבע,"רוצה להחליף ברכב משפחתי חדש, רכב שמור מאוד, ללא תאונות, מתאים למי שמחפש איכות ונוחות, מפתח נוסף קיים, צמיגים חדשים"
320,אאודי,A3,2020,144000,93065,בנזין,אוטומטי,1400,3,אילת,"רכב במצב תצוגה, נמכר עקב שדרוג, גמיש מעט ליד הרכב בלבד, חסכוני בדלק, ללא תאונות, מתאים לנסיעות ארוכות"
321,טסלה,Model 3,2023,240000,35542,חשמלי,אוטומטי,0,1,ראשון לציון,"רכב מנהלים מפנק, ממש כמו חדש, קילומטראז' נמוך יחסית, כל הטיפולים בזמן, גג פנורמי, מצבר חדש, צמיגים חדשים"
322,לקסוס,IS300h,2021,123000,82228,היברידי,אוטומטי,2500,1,רמת גן,"רכב פרימיום שמור, יד נמוכה, חבילת אבזור גבוהה, נמכר עקב קבלת רכב מהעבודה, צמיגים חדשים, ללא תאונות"
323,פולקסווגן,פאסאט,2018,72000,108611,בנזין,אוטומטי,1800,2,רחובות,"כמעט חדש, אבזור מלא, מצלמות, חיישנים, מערכת מולטימדיה, נמכר בעקבות מעבר לרכב חשמלי, מפתח נוסף קיים, חסכוני בדלק"
324,טויוטה,קאמרי,2019,132000,84083,היברידי,אוטומטי,2500,1,אילת,"רכב יוקרה ממש כמו חדש, נמכר בעקבות שדרוג, שמור בקנאות, מטופל רק במוסך מורשה, חסכוני בדלק"
325,ג'נסיס,G70,2021,177000,88726,בנזין,אוטומטי,2000,1,פתח תקווה,"רכב משפחתי יוקרתי, נוח לנסיעות ארוכות, חסכוני יחסית, שמור ומטופל בקפדנות, נוח מאוד למשפחה, מערכת בטיחות מקורית"
326,לקסוס,NX300h,2020,329000,71298,היברידי,אוטומטי,2500,2,אשקלון,"רוצה להחליף בג'יפון גבוה, רכב שמור מאוד, ללא תאונות, מתאים למי שמחפש איכות ונוחות, מערכת בטיחות מקורית"
327,לקסוס,IS300h,2018,217000,93576,היברידי,אוטומטי,2500,1,נתניה,"רכב יוקרה ממש כמו חדש, נמכר בעקבות שדרוג, שמור בקנאות, מטופל רק במוסך מורשה, גג פנורמי, מערכת שמע איכותית, מצלמת רוורס, חסכוני בדלק"
328,סקודה,סופרב,2020,146000,65190,בנזין,אוטומטי,1800,2,באר שבע,"נמכר בעקבות שדרוג לרכב חדש יותר, מצב מצוין, פנים נקי, נסיעה חלקה ושקטה, מערכת שמע איכותית, גג פנורמי, מצבר חדש"
329,ג'נסיס,G70,2023,270000,5000,בנזין,אוטומטי,2000,1,רחובות,"אפשרות לטרייד אין, רוצה להחליף ברכב משפחתי חדש, רכב נקי מאוד עם היסטוריית טיפולים מלאה, מערכת בטיחות מקורית"
330,אאודי,A3,2018,177000,143588,בנזין,אוטומטי,1400,1,רחובות,"רכב מנהלים מפנק, ממש כמו חדש, קילומטראז' נמוך יחסית, כל הטיפולים בזמן, נוח מאוד למשפחה"
331,פורשה,Macan,2021,347000,82981,בנזין,אוטומטי,2000,1,חולון,"רכב מנהלים מפנק, ממש כמו חדש, קילומטראז' נמוך יחסית, כל הטיפולים בזמן, צמיגים חדשים, מערכת שמע איכותית"
332,ב.מ.וו,X1,2023,356000,38011,בנזין,אוטומטי,2000,3,תל אביב,"אפשרות לטרייד אין, רוצה להחליף ברכב חשמלי, רכב נקי מאוד עם היסטוריית טיפולים מלאה, מערכת שמע איכותית"
333,מאזדה,CX-5,2020,120000,75435,בנזין,אוטומטי,2000,2,ראשון לציון,"רכב פרימיום שמור, יד נמוכה, חבילת אבזור גבוהה, נמכר עקב קבלת רכב מהעבודה, מתאים לנסיעות ארוכות, נוח מאוד למשפחה"
334,קיה,סורנטו,2023,201000,5000,דיזל,אוטומטי,2200,1,עפולה,"רכב משפחתי יוקרתי, נוח לנסיעות ארוכות, חסכוני יחסית, שמור ומטופל בקפדנות, מצלמת רוורס"
335,לקסוס,NX300h,2017,151000,112277,היברידי,אוטומטי,2500,2,רעננה,"מחפש/ת החלפה בSUV היברידי, אפשרות להוסיף/לקבל הפרש, רכב יוקרתי ומטופל, ללא תאונות, בקרת שיוט אדפטיבית"
336,פורשה,Macan,2019,229000,52996,בנזין,אוטומטי,2000,1,ירושלים,"מחפש/ת החלפה בג'יפון גבוה, אפשרות להוסיף/לקבל הפרש, רכב יוקרתי ומטופל, ללא תאונות"
337,ב.מ.וו,X1,2023,191000,36248,בנזין,אוטומטי,2000,2,אשקלון,"רכב במצב תצוגה, נמכר עקב שדרוג, גמיש מעט ליד הרכב בלבד, בקרת שיוט אדפטיבית"
338,מרצדס,GLA,2022,216000,68505,בנזין,אוטומטי,1600,2,רעננה,"רכב יוקרה במצב נדיר, ללא שריטות משמעותיות, שמור בחניה מקורה, נמכר בגלל שדרוג, מצבר חדש"
339,טסלה,Model 3,2020,179000,102105,חשמלי,אוטומטי,0,1,ראשון לציון,"רכב יוקרתי לנהג/ת שמחפש/ת נוחות וביצועים, שמור מאוד, טסט ארוך, נוח מאוד למשפחה, מצבר חדש, ספר טיפולים מלא"
340,ב.מ.וו,X1,2019,155000,129444,בנזין,אוטומטי,2000,2,תל אביב,"נמכר בעקבות שדרוג לרכב חדש יותר, מצב מצוין, פנים נקי, נסיעה חלקה ושקטה, טסט לשנה, מצלמת רוורס, מערכת בטיחות מקורית, חסכוני בדלק"
341,מיני,קופר,2018,78000,124594,בנזין,אוטומטי,1500,2,ראשון לציון,"רכב מנהלים מפנק, ממש כמו חדש, קילומטראז' נמוך יחסית, כל הטיפולים בזמן, מצבר חדש, נוח מאוד למשפחה, חסכוני בדלק"
342,לקסוס,IS300h,2018,175000,63822,היברידי,אוטומטי,2500,2,חולון,"רכב פרימיום שמור, יד נמוכה, חבילת אבזור גבוהה, נמכר עקב קבלת רכב מהעבודה, גג פנורמי, ריפודי עור, מצלמת רוורס"
343,אאודי,A3,2022,178000,52214,בנזין,אוטומטי,1400,1,יבנה,"רכב יוקרה במצב נדיר, ללא שריטות משמעותיות, שמור בחניה מקורה, נמכר בגלל שדרוג, נוח מאוד למשפחה, מצבר חדש, צמיגים חדשים"
344,ב.מ.וו,סדרה 3,2020,281000,85972,בנזין,אוטומטי,2000,1,אשדוד,"רכב משפחתי יוקרתי, נוח לנסיעות ארוכות, חסכוני יחסית, שמור ומטופל בקפדנות, נוח מאוד למשפחה, ריפודי עור, ללא תאונות"
345,וולוו,S60,2021,125000,51466,בנזין,אוטומטי,2000,2,בת ים,"רכב משפחתי יוקרתי, נוח לנסיעות ארוכות, חסכוני יחסית, שמור ומטופל בקפדנות, ללא תאונות, מערכת שמע איכותית, ספר טיפולים מלא, מצלמת רוורס"
346,קיה,סורנטו,2019,176000,36482,דיזל,אוטומטי,2200,2,כפר סבא,"כמעט חדש, אבזור מלא, מצלמות, חיישנים, מערכת מולטימדיה, נמכר בעקבות מעבר לרכב חשמלי, גג פנורמי, מצלמת רוורס, מתאים לנסיעות ארוכות, בקרת שיוט אדפטיבית"
347,טויוטה,קאמרי,2022,174000,76362,היברידי,אוטומטי,2500,1,מודיעין,"אפשרות לטרייד אין, רוצה להחליף ברכב קטן וחסכוני, רכב נקי מאוד עם היסטוריית טיפולים מלאה, חיישני חניה, ללא תאונות, ריפודי עור, מצלמת רוורס"
348,מאזדה,CX-5,2023,124000,36719,בנזין,אוטומטי,2000,2,ראשון לציון,"רכב מנהלים מפנק, ממש כמו חדש, קילומטראז' נמוך יחסית, כל הטיפולים בזמן, ריפודי עור"
349,לקסוס,IS300h,2020,122000,78612,היברידי,אוטומטי,2500,1,נס ציונה,"כמעט חדש, אבזור מלא, מצלמות, חיישנים, מערכת מולטימדיה, נמכר בעקבות מעבר לרכב חשמלי, מפתח נוסף קיים, מערכת שמע איכותית, בקרת שיוט אדפטיבית, מערכת בטיחות מקורית"
350,ריינג' רובר,Evoque,2022,178000,64081,דיזל,אוטומטי,2000,2,ראשון לציון,"נמכר בעקבות שדרוג לרכב חדש יותר, מצב מצוין, פנים נקי, נסיעה חלקה ושקטה, טסט לשנה"
351,ב.מ.וו,סדרה 3,2020,236000,38244,בנזין,אוטומטי,2000,2,אשקלון,"כמעט חדש, אבזור מלא, מצלמות, חיישנים, מערכת מולטימדיה, נמכר בעקבות מעבר לרכב חשמלי, נוח מאוד למשפחה, מפתח נוסף קיים, צמיגים חדשים, טסט לשנה"
352,אאודי,A3,2023,183000,34404,בנזין,אוטומטי,1400,2,חולון,"רכב משפחתי יוקרתי, נוח לנסיעות ארוכות, חסכוני יחסית, שמור ומטופל בקפדנות, צמיגים חדשים, טסט לשנה"
353,מרצדס,GLA,2022,186000,47569,בנזין,אוטומטי,1600,1,חיפה,"רכב משפחתי יוקרתי, נוח לנסיעות ארוכות, חסכוני יחסית, שמור ומטופל בקפדנות, מצלמת רוורס, בקרת שיוט אדפטיבית"
354,יונדאי,סונטה,2019,100000,107686,היברידי,אוטומטי,2000,1,ירושלים,"רכב יוקרה ממש כמו חדש, נמכר בעקבות שדרוג, שמור בקנאות, מטופל רק במוסך מורשה, חסכוני בדלק, מתאים לנסיעות ארוכות, מפתח נוסף קיים, מצבר חדש"
355,מיני,קופר,2018,134000,146303,בנזין,אוטומטי,1500,1,תל אביב,"רכב פרימיום שמור, יד נמוכה, חבילת אבזור גבוהה, נמכר עקב קבלת רכב מהעבודה, נוח מאוד למשפחה, צמיגים חדשים, ספר טיפולים מלא, מפתח נוסף קיים"
356,קיה,סורנטו,2022,152000,67747,דיזל,אוטומטי,2200,1,נתניה,"רכב פרימיום שמור, יד נמוכה, חבילת אבזור גבוהה, נמכר עקב קבלת רכב מהעבודה, מתאים לנסיעות ארוכות, מפתח נוסף קיים"
357,ב.מ.וו,X1,2022,142000,65953,בנזין,אוטומטי,2000,3,רחובות,"כמעט חדש, אבזור מלא, מצלמות, חיישנים, מערכת מולטימדיה, נמכר בעקבות מעבר לרכב חשמלי, נוח מאוד למשפחה"
358,ב.מ.וו,X1,2021,183000,69143,בנזין,אוטומטי,2000,1,חיפה,"רכב יוקרה במצב נדיר, ללא שריטות משמעותיות, שמור בחניה מקורה, נמכר בגלל שדרוג, צמיגים חדשים, נוח מאוד למשפחה, ריפודי עור, טסט לשנה"
359,מרצדס,C-Class,2022,150000,59132,בנזין,אוטומטי,2000,3,קריות,"רכב מנהלים מפנק, ממש כמו חדש, קילומטראז' נמוך יחסית, כל הטיפולים בזמן, גג פנורמי"
360,לקסוס,IS300h,2018,126000,137257,היברידי,אוטומטי,2500,1,הרצליה,"כמעט חדש, אבזור מלא, מצלמות, חיישנים, מערכת מולטימדיה, נמכר בעקבות מעבר לרכב חשמלי, צמיגים חדשים, חסכוני בדלק, חיישני חניה, מערכת בטיחות מקורית"
361,טויוטה,RAV4,2022,202000,68897,היברידי,אוטומטי,2500,2,כפר סבא,"מחפש/ת החלפה ברכב חשמלי, אפשרות להוסיף/לקבל הפרש, רכב יוקרתי ומטופל, מצבר חדש"
362,יונדאי,טוסון,2023,105000,66787,בנזין,אוטומטי,2000,1,נהריה,"רכב יוקרתי לנהג/ת שמחפש/ת נוחות וביצועים, שמור מאוד, טסט ארוך, מצבר חדש"
363,פורשה,Macan,2021,250000,73289,בנזין,אוטומטי,2000,2,רחובות,"רכב יוקרה ממש כמו חדש, נמכר בעקבות שדרוג, שמור בקנאות, מטופל רק במוסך מורשה, ספר טיפולים מלא, ריפודי עור, צמיגים חדשים, ללא תאונות"
364,וולוו,S60,2017,180000,125317,בנזין,אוטומטי,2000,3,נס ציונה,"אפשרות לטרייד אין, רוצה להחליף ברכב משפחתי חדש, רכב נקי מאוד עם היסטוריית טיפולים מלאה, חיישני חניה, ספר טיפולים מלא, צמיגים חדשים, ללא תאונות"
365,לקסוס,NX300h,2021,268000,88159,היברידי,אוטומטי,2500,2,מודיעין,"רכב יוקרה במצב נדיר, ללא שריטות משמעותיות, שמור בחניה מקורה, נמכר בגלל שדרוג, טסט לשנה, נוח מאוד למשפחה, ריפודי עור"
366,לקסוס,NX300h,2020,297000,66051,היברידי,אוטומטי,2500,1,תל אביב,"אפשרות לטרייד אין, רוצה להחליף ברכב 7 מקומות, רכב נקי מאוד עם היסטוריית טיפולים מלאה, מפתח נוסף קיים, בקרת שיוט אדפטיבית"
367,טסלה,Model 3,2022,202000,23771,חשמלי,אוטומטי,0,2,נהריה,"מחפש/ת החלפה בג'יפון גבוה, אפשרות להוסיף/לקבל הפרש, רכב יוקרתי ומטופל, מערכת בטיחות מקורית, בקרת שיוט אדפטיבית"
368,ג'נסיס,G70,2022,294000,39456,בנזין,אוטומטי,2000,2,באר שבע,"אפשרות לטרייד אין, רוצה להחליף בג'יפון גבוה, רכב נקי מאוד עם היסטוריית טיפולים מלאה, מצבר חדש"
369,לקסוס,IS300h,2020,162000,83467,היברידי,אוטומטי,2500,1,רחובות,"רכב פרימיום שמור, יד נמוכה, חבילת אבזור גבוהה, נמכר עקב קבלת רכב מהעבודה, נוח מאוד למשפחה, ספר טיפולים מלא, צמיגים חדשים"
370,וולוו,S60,2019,140000,88540,בנזין,אוטומטי,2000,1,פתח תקווה,"רכב פרימיום שמור, יד נמוכה, חבילת אבזור גבוהה, נמכר עקב קבלת רכב מהעבודה, מערכת שמע איכותית, בקרת שיוט אדפטיבית"
371,ג'נסיס,G70,2022,304000,49474,בנזין,אוטומטי,2000,2,הרצליה,"רכב מנהלים מפנק, ממש כמו חדש, קילומטראז' נמוך יחסית, כל הטיפולים בזמן, ספר טיפולים מלא, מערכת בטיחות מקורית"
372,וולוו,XC40,2018,123000,104316,בנזין,אוטומטי,2000,1,נהריה,"נמכר בעקבות שדרוג לרכב חדש יותר, מצב מצוין, פנים נקי, נסיעה חלקה ושקטה, גג פנורמי"
373,יונדאי,טוסון,2020,126000,74002,בנזין,אוטומטי,2000,1,כפר סבא,"רכב יוקרה ממש כמו חדש, נמכר בעקבות שדרוג, שמור בקנאות, מטופל רק במוסך מורשה, בקרת שיוט אדפטיבית, נוח מאוד למשפחה, ריפודי עור, מערכת שמע איכותית"
374,פולקסווגן,פאסאט,2017,73000,119428,בנזין,אוטומטי,1800,2,בת ים,"רוצה להחליף ברכב קטן וחסכוני, רכב שמור מאוד, ללא תאונות, מתאים למי שמחפש איכות ונוחות, נוח מאוד למשפחה"
375,טויוטה,RAV4,2022,188000,57566,היברידי,אוטומטי,2500,1,אשדוד,"רכב יוקרה במצב נדיר, ללא שריטות משמעותיות, שמור בחניה מקורה, נמכר בגלל שדרוג, מצבר חדש, נוח מאוד למשפחה, מפתח נוסף קיים, מערכת שמע איכותית"
376,וולוו,XC40,2022,145000,98805,בנזין,אוטומטי,2000,3,פתח תקווה,"רכב יוקרתי לנהג/ת שמחפש/ת נוחות וביצועים, שמור מאוד, טסט ארוך, מערכת בטיחות מקורית, מפתח נוסף קיים, בקרת שיוט אדפטיבית"
377,אאודי,A3,2022,148000,55337,בנזין,אוטומטי,1400,1,מודיעין,"רכב במצב תצוגה, נמכר עקב שדרוג, גמיש מעט ליד הרכב בלבד, ריפודי עור, בקרת שיוט אדפטיבית, מצלמת רוורס"
378,מיני,קופר,2020,104000,92944,בנזין,אוטומטי,1500,3,נס ציונה,"כמעט חדש, אבזור מלא, מצלמות, חיישנים, מערכת מולטימדיה, נמכר בעקבות מעבר לרכב חשמלי, בקרת שיוט אדפטיבית, צמיגים חדשים, מפתח נוסף קיים, ללא תאונות"
379,ב.מ.וו,X1,2020,155000,89285,בנזין,אוטומטי,2000,1,כפר סבא,"מחפש/ת החלפה בSUV היברידי, אפשרות להוסיף/לקבל הפרש, רכב יוקרתי ומטופל, בקרת שיוט אדפטיבית, טסט לשנה, ספר טיפולים מלא, מצלמת רוורס"
380,מיני,קופר,2021,135000,80484,בנזין,אוטומטי,1500,1,רמת גן,"רכב יוקרה במצב נדיר, ללא שריטות משמעותיות, שמור בחניה מקורה, נמכר בגלל שדרוג, גג פנורמי, ריפודי עור, בקרת שיוט אדפטיבית"
381,פורשה,Macan,2021,220000,91257,בנזין,אוטומטי,2000,3,עפולה,"מחפש/ת החלפה בג'יפון גבוה, אפשרות להוסיף/לקבל הפרש, רכב יוקרתי ומטופל, מפתח נוסף קיים, צמיגים חדשים"
382,ריינג' רובר,Evoque,2020,238000,88242,דיזל,אוטומטי,2000,2,באר שבע,"רוצה להחליף בטסלה או רכב חשמלי דומה, רכב שמור מאוד, ללא תאונות, מתאים למי שמחפש איכות ונוחות, נוח מאוד למשפחה, חיישני חניה, מתאים לנסיעות ארוכות"
383,פורשה,Macan,2017,224000,204536,בנזין,אוטומטי,2000,1,נהריה,"אפשרות לטרייד אין, רוצה להחליף בSUV היברידי, רכב נקי מאוד עם היסטוריית טיפולים מלאה, ריפודי עור, טסט לשנה, מפתח נוסף קיים, חיישני חניה"
384,לקסוס,NX300h,2019,253000,87640,היברידי,אוטומטי,2500,2,תל אביב,"רכב יוקרתי לנהג/ת שמחפש/ת נוחות וביצועים, שמור מאוד, טסט ארוך, ריפודי עור, בקרת שיוט אדפטיבית, צמיגים חדשים, חיישני חניה"
385,טויוטה,RAV4,2021,157000,67203,היברידי,אוטומטי,2500,2,פתח תקווה,"מחפש/ת החלפה ברכב משפחתי חדש, אפשרות להוסיף/לקבל הפרש, רכב יוקרתי ומטופל, מתאים לנסיעות ארוכות, מפתח נוסף קיים, ספר טיפולים מלא"
386,פולקסווגן,פאסאט,2017,85000,107437,בנזין,אוטומטי,1800,2,בת ים,"רכב משפחתי יוקרתי, נוח לנסיעות ארוכות, חסכוני יחסית, שמור ומטופל בקפדנות, מערכת בטיחות מקורית, בקרת שיוט אדפטיבית, נוח מאוד למשפחה, ריפודי עור"
387,סקודה,סופרב,2018,92000,110306,בנזין,אוטומטי,1800,1,נהריה,"מחפש/ת החלפה בSUV היברידי, אפשרות להוסיף/לקבל הפרש, רכב יוקרתי ומטופל, מפתח נוסף קיים, טסט לשנה, בקרת שיוט אדפטיבית, מתאים לנסיעות ארוכות"
388,קיה,סורנטו,2019,173000,93869,דיזל,אוטומטי,2200,2,גבעתיים,"מחפש/ת החלפה ברכב יוקרה חדש יותר, אפשרות להוסיף/לקבל הפרש, רכב יוקרתי ומטופל, צמיגים חדשים, נוח מאוד למשפחה, גג פנורמי"
389,וולוו,XC40,2023,293000,57005,בנזין,אוטומטי,2000,1,עפולה,"אפשרות לטרייד אין, רוצה להחליף ברכב משפחתי חדש, רכב נקי מאוד עם היסטוריית טיפולים מלאה, מפתח נוסף קיים, חיישני חניה, מתאים לנסיעות ארוכות, צמיגים חדשים"
390,קיה,סורנטו,2021,173000,96796,דיזל,אוטומטי,2200,1,נתניה,"רכב מנהלים מפנק, ממש כמו חדש, קילומטראז' נמוך יחסית, כל הטיפולים בזמן, ללא תאונות"
391,ג'נסיס,G70,2022,267000,44229,בנזין,אוטומטי,2000,1,עפולה,"רכב יוקרתי לנהג/ת שמחפש/ת נוחות וביצועים, שמור מאוד, טסט ארוך, ריפודי עור, מערכת בטיחות מקורית, צמיגים חדשים, מצבר חדש"
392,וולוו,S60,2017,179000,150087,בנזין,אוטומטי,2000,1,רעננה,"רכב יוקרה במצב נדיר, ללא שריטות משמעותיות, שמור בחניה מקורה, נמכר בגלל שדרוג, מפתח נוסף קיים"
393,לקסוס,NX300h,2019,293000,91912,היברידי,אוטומטי,2500,1,גבעתיים,"רכב פרימיום שמור, יד נמוכה, חבילת אבזור גבוהה, נמכר עקב קבלת רכב מהעבודה, מפתח נוסף קיים, נוח מאוד למשפחה, צמיגים חדשים"
394,מרצדס,E-Class,2020,210000,59971,בנזין,אוטומטי,2000,3,אילת,"רוצה להחליף ברכב יוקרה חדש יותר, רכב שמור מאוד, ללא תאונות, מתאים למי שמחפש איכות ונוחות, בקרת שיוט אדפטיבית"
395,סקודה,סופרב,2019,106000,130007,בנזין,אוטומטי,1800,3,רמת גן,"רכב פרימיום שמור, יד נמוכה, חבילת אבזור גבוהה, נמכר עקב קבלת רכב מהעבודה, ספר טיפולים מלא, חיישני חניה, מערכת שמע איכותית"
396,ב.מ.וו,X1,2019,168000,70271,בנזין,אוטומטי,2000,1,גבעתיים,"כמעט חדש, אבזור מלא, מצלמות, חיישנים, מערכת מולטימדיה, נמכר בעקבות מעבר לרכב חשמלי, מפתח נוסף קיים, מתאים לנסיעות ארוכות"
397,יונדאי,טוסון,2019,122000,90612,בנזין,אוטומטי,2000,2,מודיעין,"מחפש/ת החלפה בג'יפון גבוה, אפשרות להוסיף/לקבל הפרש, רכב יוקרתי ומטופל, מצבר חדש, ללא תאונות, צמיגים חדשים, מערכת בטיחות מקורית"
398,מרצדס,GLA,2020,260000,86921,בנזין,אוטומטי,1600,3,נהריה,"מחפש/ת החלפה בטסלה או רכב חשמלי דומה, אפשרות להוסיף/לקבל הפרש, רכב יוקרתי ומטופל, מערכת שמע איכותית, מפתח נוסף קיים, נוח מאוד למשפחה"
399,פולקסווגן,פאסאט,2017,100000,118253,בנזין,אוטומטי,1800,1,רחובות,"מחפש/ת החלפה בSUV היברידי, אפשרות להוסיף/לקבל הפרש, רכב יוקרתי ומטופל, חסכוני בדלק"
400,לקסוס,NX300h,2017,133000,143396,היברידי,אוטומטי,2500,3,אילת,"אפשרות לטרייד אין, רוצה להחליף בSUV היברידי, רכב נקי מאוד עם היסטוריית טיפולים מלאה, ספר טיפולים מלא, בקרת שיוט אדפטיבית"
401,ריינג' רובר,Evoque,2018,194000,89260,דיזל,אוטומטי,2000,2,אילת,"רכב יוקרתי לנהג/ת שמחפש/ת נוחות וביצועים, שמור מאוד, טסט ארוך, ריפודי עור"
402,וולוו,XC40,2021,151000,20716,בנזין,אוטומטי,2000,3,חיפה,"רכב במצב תצוגה, נמכר עקב שדרוג, גמיש מעט ליד הרכב בלבד, מערכת שמע איכותית, מערכת בטיחות מקורית"
403,קיה,סורנטו,2020,149000,66077,דיזל,אוטומטי,2200,3,כפר סבא,"מחפש/ת החלפה בטסלה או רכב חשמלי דומה, אפשרות להוסיף/לקבל הפרש, רכב יוקרתי ומטופל, ללא תאונות, חסכוני בדלק, ריפודי עור"
404,סקודה,סופרב,2018,158000,81559,בנזין,אוטומטי,1800,2,נתניה,"רכב משפחתי יוקרתי, נוח לנסיעות ארוכות, חסכוני יחסית, שמור ומטופל בקפדנות, חסכוני בדלק"
405,מרצדס,C-Class,2019,152000,80897,בנזין,אוטומטי,2000,1,עפולה,"רכב במצב תצוגה, נמכר עקב שדרוג, גמיש מעט ליד הרכב בלבד, ספר טיפולים מלא, ריפודי עור, ללא תאונות, בקרת שיוט אדפטיבית"
406,פולקסווגן,פאסאט,2017,122000,143936,בנזין,אוטומטי,1800,1,גבעתיים,"רכב יוקרתי לנהג/ת שמחפש/ת נוחות וביצועים, שמור מאוד, טסט ארוך, נוח מאוד למשפחה, ריפודי עור, מערכת בטיחות מקורית"
407,מרצדס,E-Class,2016,248000,99563,בנזין,אוטומטי,2000,1,ראשון לציון,"רכב משפחתי יוקרתי, נוח לנסיעות ארוכות, חסכוני יחסית, שמור ומטופל בקפדנות, מתאים לנסיעות ארוכות, חיישני חניה, ללא תאונות, ספר טיפולים מלא"
408,מיני,קופר,2022,146000,25000,בנזין,אוטומטי,1500,2,באר שבע,"כמעט חדש, אבזור מלא, מצלמות, חיישנים, מערכת מולטימדיה, נמכר בעקבות מעבר לרכב חשמלי, ריפודי עור, ספר טיפולים מלא, חיישני חניה"
409,אאודי,A4,2020,165000,60730,בנזין,אוטומטי,2000,2,הרצליה,"רכב יוקרתי לנהג/ת שמחפש/ת נוחות וביצועים, שמור מאוד, טסט ארוך, ריפודי עור, מערכת שמע איכותית, מצלמת רוורס"
410,אאודי,A4,2017,237000,162419,בנזין,אוטומטי,2000,1,נס ציונה,"כמעט חדש, אבזור מלא, מצלמות, חיישנים, מערכת מולטימדיה, נמכר בעקבות מעבר לרכב חשמלי, ללא תאונות"
411,לקסוס,IS300h,2018,232000,107387,היברידי,אוטומטי,2500,1,אשקלון,"רכב מנהלים מפנק, ממש כמו חדש, קילומטראז' נמוך יחסית, כל הטיפולים בזמן, ללא תאונות, חסכוני בדלק"
412,ב.מ.וו,X1,2022,177000,27262,בנזין,אוטומטי,2000,1,כפר סבא,"רוצה להחליף בג'יפון גבוה, רכב שמור מאוד, ללא תאונות, מתאים למי שמחפש איכות ונוחות, גג פנורמי, חיישני חניה"
413,לקסוס,IS300h,2021,109000,109277,היברידי,אוטומטי,2500,1,רמת גן,"נמכר בעקבות שדרוג לרכב חדש יותר, מצב מצוין, פנים נקי, נסיעה חלקה ושקטה, מערכת בטיחות מקורית"
414,פולקסווגן,פאסאט,2020,114000,76602,בנזין,אוטומטי,1800,1,יבנה,"רכב יוקרה ממש כמו חדש, נמכר בעקבות שדרוג, שמור בקנאות, מטופל רק במוסך מורשה, גג פנורמי, מפתח נוסף קיים, טסט לשנה, מערכת שמע איכותית"
415,טויוטה,קאמרי,2023,164000,48066,היברידי,אוטומטי,2500,2,מודיעין,"רוצה להחליף ברכב חשמלי, רכב שמור מאוד, ללא תאונות, מתאים למי שמחפש איכות ונוחות, מצלמת רוורס, ריפודי עור, מערכת בטיחות מקורית"
416,לקסוס,NX300h,2021,241000,46511,היברידי,אוטומטי,2500,3,אשדוד,"מחפש/ת החלפה בטסלה או רכב חשמלי דומה, אפשרות להוסיף/לקבל הפרש, רכב יוקרתי ומטופל, בקרת שיוט אדפטיבית, חסכוני בדלק, ספר טיפולים מלא, ריפודי עור"
417,ריינג' רובר,Evoque,2022,359000,50243,דיזל,אוטומטי,2000,1,פתח תקווה,"רכב יוקרה במצב נדיר, ללא שריטות משמעותיות, שמור בחניה מקורה, נמכר בגלל שדרוג, נוח מאוד למשפחה, חיישני חניה"
418,סקודה,סופרב,2021,122000,60044,בנזין,אוטומטי,1800,2,קריות,"נמכר בעקבות שדרוג לרכב חדש יותר, מצב מצוין, פנים נקי, נסיעה חלקה ושקטה, מערכת בטיחות מקורית"
419,מרצדס,GLA,2017,130000,97377,בנזין,אוטומטי,1600,2,קריות,"נמכר בעקבות שדרוג לרכב חדש יותר, מצב מצוין, פנים נקי, נסיעה חלקה ושקטה, בקרת שיוט אדפטיבית, מערכת שמע איכותית, חיישני חניה"
420,פורשה,Macan,2020,271000,101717,בנזין,אוטומטי,2000,2,קריות,"רוצה להחליף ברכב קטן וחסכוני, רכב שמור מאוד, ללא תאונות, מתאים למי שמחפש איכות ונוחות, מפתח נוסף קיים, בקרת שיוט אדפטיבית"
421,ב.מ.וו,סדרה 3,2019,238000,108523,בנזין,אוטומטי,2000,1,חולון,"כמעט חדש, אבזור מלא, מצלמות, חיישנים, מערכת מולטימדיה, נמכר בעקבות מעבר לרכב חשמלי, גג פנורמי, מצבר חדש, ללא תאונות, ספר טיפולים מלא"
422,לקסוס,NX300h,2017,211000,89846,היברידי,אוטומטי,2500,1,כפר סבא,"נמכר בעקבות שדרוג לרכב חדש יותר, מצב מצוין, פנים נקי, נסיעה חלקה ושקטה, מצלמת רוורס"
423,ג'נסיס,G70,2019,266000,98448,בנזין,אוטומטי,2000,1,ירושלים,"אפשרות לטרייד אין, רוצה להחליף ברכב 7 מקומות, רכב נקי מאוד עם היסטוריית טיפולים מלאה, ספר טיפולים מלא, מצלמת רוורס"
424,ג'נסיס,G70,2021,161000,99432,בנזין,אוטומטי,2000,1,יבנה,"רכב יוקרה ממש כמו חדש, נמכר בעקבות שדרוג, שמור בקנאות, מטופל רק במוסך מורשה, מתאים לנסיעות ארוכות, ללא תאונות, מערכת שמע איכותית"
425,פולקסווגן,פאסאט,2021,117000,54380,בנזין,אוטומטי,1800,1,אשדוד,"רוצה להחליף ברכב 7 מקומות, רכב שמור מאוד, ללא תאונות, מתאים למי שמחפש איכות ונוחות, בקרת שיוט אדפטיבית, מצלמת רוורס, ללא תאונות, נוח מאוד למשפחה"
426,יונדאי,טוסון,2021,123000,63849,בנזין,אוטומטי,2000,3,רמת גן,"רכב יוקרה ממש כמו חדש, נמכר בעקבות שדרוג, שמור בקנאות, מטופל רק במוסך מורשה, מערכת שמע איכותית, חסכוני בדלק, מערכת בטיחות מקורית"
427,לקסוס,NX300h,2019,161000,77048,היברידי,אוטומטי,2500,1,אילת,"רכב יוקרה במצב נדיר, ללא שריטות משמעותיות, שמור בחניה מקורה, נמכר בגלל שדרוג, חסכוני בדלק, צמיגים חדשים"
428,מיני,קופר,2019,122000,66753,בנזין,אוטומטי,1500,1,אילת,"רכב יוקרה ממש כמו חדש, נמכר בעקבות שדרוג, שמור בקנאות, מטופל רק במוסך מורשה, מתאים לנסיעות ארוכות"
429,מרצדס,GLA,2023,295000,25050,בנזין,אוטומטי,1600,1,נתניה,"רכב במצב תצוגה, נמכר עקב שדרוג, גמיש מעט ליד הרכב בלבד, בקרת שיוט אדפטיבית, מערכת שמע איכותית, גג פנורמי"
430,וולוו,S60,2018,160000,143424,בנזין,אוטומטי,2000,1,הרצליה,"רכב מנהלים מפנק, ממש כמו חדש, קילומטראז' נמוך יחסית, כל הטיפולים בזמן, מערכת בטיחות מקורית, מערכת שמע איכותית, נוח מאוד למשפחה, מצלמת רוורס"
431,ג'נסיס,G70,2021,244000,47615,בנזין,אוטומטי,2000,2,גבעתיים,"רכב משפחתי יוקרתי, נוח לנסיעות ארוכות, חסכוני יחסית, שמור ומטופל בקפדנות, ספר טיפולים מלא, חיישני חניה"
432,ג'נסיס,G70,2020,188000,76663,בנזין,אוטומטי,2000,2,נס ציונה,"רוצה להחליף ברכב משפחתי חדש, רכב שמור מאוד, ללא תאונות, מתאים למי שמחפש איכות ונוחות, מתאים לנסיעות ארוכות, חסכוני בדלק, מצבר חדש, מפתח נוסף קיים"
433,יונדאי,טוסון,2021,141000,81227,בנזין,אוטומטי,2000,2,יבנה,"רכב פרימיום שמור, יד נמוכה, חבילת אבזור גבוהה, נמכר עקב קבלת רכב מהעבודה, מתאים לנסיעות ארוכות, ריפודי עור"
434,פולקסווגן,פאסאט,2020,66000,80331,בנזין,אוטומטי,1800,1,גבעתיים,"מחפש/ת החלפה בטסלה או רכב חשמלי דומה, אפשרות להוסיף/לקבל הפרש, רכב יוקרתי ומטופל, ריפודי עור, גג פנורמי, חיישני חניה, מצלמת רוורס"
435,מרצדס,GLA,2022,142000,77954,בנזין,אוטומטי,1600,2,אשדוד,"רכב יוקרה במצב נדיר, ללא שריטות משמעותיות, שמור בחניה מקורה, נמכר בגלל שדרוג, מתאים לנסיעות ארוכות"
436,יונדאי,טוסון,2023,103000,22740,בנזין,אוטומטי,2000,3,מודיעין,"רוצה להחליף ברכב 7 מקומות, רכב שמור מאוד, ללא תאונות, מתאים למי שמחפש איכות ונוחות, חיישני חניה"
437,מרצדס,E-Class,2017,220000,151585,בנזין,אוטומטי,2000,3,אשדוד,"רכב משפחתי יוקרתי, נוח לנסיעות ארוכות, חסכוני יחסית, שמור ומטופל בקפדנות, ספר טיפולים מלא, מתאים לנסיעות ארוכות, מצלמת רוורס"
438,יונדאי,סונטה,2021,110000,63912,היברידי,אוטומטי,2000,1,הרצליה,"רכב משפחתי יוקרתי, נוח לנסיעות ארוכות, חסכוני יחסית, שמור ומטופל בקפדנות, צמיגים חדשים, ספר טיפולים מלא, נוח מאוד למשפחה"
439,פורשה,Macan,2021,249000,101412,בנזין,אוטומטי,2000,1,רחובות,"רכב יוקרתי לנהג/ת שמחפש/ת נוחות וביצועים, שמור מאוד, טסט ארוך, מצבר חדש, ללא תאונות, ספר טיפולים מלא"
440,פורשה,Macan,2020,302000,25233,בנזין,אוטומטי,2000,1,נס ציונה,"רכב פרימיום שמור, יד נמוכה, חבילת אבזור גבוהה, נמכר עקב קבלת רכב מהעבודה, נוח מאוד למשפחה"
441,מאזדה,CX-5,2020,128000,31025,בנזין,אוטומטי,2000,1,פתח תקווה,"רכב פרימיום שמור, יד נמוכה, חבילת אבזור גבוהה, נמכר עקב קבלת רכב מהעבודה, טסט לשנה, מערכת בטיחות מקורית"
442,ב.מ.וו,X1,2018,301000,96031,בנזין,אוטומטי,2000,1,אילת,"רכב משפחתי יוקרתי, נוח לנסיעות ארוכות, חסכוני יחסית, שמור ומטופל בקפדנות, מצלמת רוורס, מצבר חדש, מערכת שמע איכותית"
443,ב.מ.וו,X1,2019,293000,66475,בנזין,אוטומטי,2000,2,כפר סבא,"רכב במצב תצוגה, נמכר עקב שדרוג, גמיש מעט ליד הרכב בלבד, נוח מאוד למשפחה"
444,טסלה,Model 3,2021,243000,70865,חשמלי,אוטומטי,0,2,ראשון לציון,"רכב משפחתי יוקרתי, נוח לנסיעות ארוכות, חסכוני יחסית, שמור ומטופל בקפדנות, מפתח נוסף קיים, מתאים לנסיעות ארוכות, נוח מאוד למשפחה"
445,אאודי,A4,2019,233000,106955,בנזין,אוטומטי,2000,3,מודיעין,"מחפש/ת החלפה ברכב יוקרה חדש יותר, אפשרות להוסיף/לקבל הפרש, רכב יוקרתי ומטופל, חיישני חניה, נוח מאוד למשפחה, בקרת שיוט אדפטיבית, חסכוני בדלק"
446,טויוטה,RAV4,2019,192000,113056,היברידי,אוטומטי,2500,1,הרצליה,"רכב במצב תצוגה, נמכר עקב שדרוג, גמיש מעט ליד הרכב בלבד, מערכת בטיחות מקורית, חסכוני בדלק, מפתח נוסף קיים"
447,לקסוס,NX300h,2020,241000,124267,היברידי,אוטומטי,2500,1,ירושלים,"רוצה להחליף ברכב קטן וחסכוני, רכב שמור מאוד, ללא תאונות, מתאים למי שמחפש איכות ונוחות, ספר טיפולים מלא, מתאים לנסיעות ארוכות, גג פנורמי, מערכת שמע איכותית"
448,מרצדס,E-Class,2019,156000,79291,בנזין,אוטומטי,2000,1,תל אביב,"רכב פרימיום שמור, יד נמוכה, חבילת אבזור גבוהה, נמכר עקב קבלת רכב מהעבודה, מצלמת רוורס, מערכת בטיחות מקורית, גג פנורמי"
449,וולוו,XC40,2021,152000,86166,בנזין,אוטומטי,2000,2,באר שבע,"אפשרות לטרייד אין, רוצה להחליף בג'יפון גבוה, רכב נקי מאוד עם היסטוריית טיפולים מלאה, גג פנורמי"
450,לקסוס,NX300h,2018,253000,151938,היברידי,אוטומטי,2500,1,הרצליה,"מחפש/ת החלפה ברכב קטן וחסכוני, אפשרות להוסיף/לקבל הפרש, רכב יוקרתי ומטופל, בקרת שיוט אדפטיבית, גג פנורמי, מפתח נוסף קיים"
451,טויוטה,קאמרי,2023,175000,80999,היברידי,אוטומטי,2500,1,הרצליה,"אפשרות לטרייד אין, רוצה להחליף בג'יפון גבוה, רכב נקי מאוד עם היסטוריית טיפולים מלאה, מצלמת רוורס, מפתח נוסף קיים"
452,טויוטה,קאמרי,2018,102000,98196,היברידי,אוטומטי,2500,2,גבעתיים,"רכב משפחתי יוקרתי, נוח לנסיעות ארוכות, חסכוני יחסית, שמור ומטופל בקפדנות, גג פנורמי"
453,יונדאי,סונטה,2021,116000,65470,היברידי,אוטומטי,2000,3,חולון,"רכב במצב תצוגה, נמכר עקב שדרוג, גמיש מעט ליד הרכב בלבד, מערכת בטיחות מקורית, חיישני חניה, בקרת שיוט אדפטיבית"
454,ג'נסיס,G70,2019,177000,80896,בנזין,אוטומטי,2000,1,אשקלון,"רכב פרימיום שמור, יד נמוכה, חבילת אבזור גבוהה, נמכר עקב קבלת רכב מהעבודה, מפתח נוסף קיים, ללא תאונות, מערכת בטיחות מקורית, חסכוני בדלק"
455,ב.מ.וו,X1,2018,299000,104024,בנזין,אוטומטי,2000,3,רמת גן,"מחפש/ת החלפה ברכב קטן וחסכוני, אפשרות להוסיף/לקבל הפרש, רכב יוקרתי ומטופל, מערכת שמע איכותית"
456,מרצדס,E-Class,2018,313000,126481,בנזין,אוטומטי,2000,1,חולון,"רכב יוקרה ממש כמו חדש, נמכר בעקבות שדרוג, שמור בקנאות, מטופל רק במוסך מורשה, ספר טיפולים מלא, נוח מאוד למשפחה, חסכוני בדלק"
457,מרצדס,E-Class,2022,235000,74347,בנזין,אוטומטי,2000,1,קריות,"רכב יוקרה במצב נדיר, ללא שריטות משמעותיות, שמור בחניה מקורה, נמכר בגלל שדרוג, חסכוני בדלק, חיישני חניה, מערכת בטיחות מקורית, טסט לשנה"
458,מיני,קופר,2021,91000,79413,בנזין,אוטומטי,1500,2,גבעתיים,"רכב יוקרה במצב נדיר, ללא שריטות משמעותיות, שמור בחניה מקורה, נמכר בגלל שדרוג, ללא תאונות, ריפודי עור, מתאים לנסיעות ארוכות"
459,וולוו,S60,2022,182000,35709,בנזין,אוטומטי,2000,1,נהריה,"רכב יוקרה במצב נדיר, ללא שריטות משמעותיות, שמור בחניה מקורה, נמכר בגלל שדרוג, ספר טיפולים מלא, טסט לשנה, גג פנורמי, מפתח נוסף קיים"
460,טסלה,Model 3,2024,318000,17387,חשמלי,אוטומטי,0,1,עפולה,"רכב יוקרתי לנהג/ת שמחפש/ת נוחות וביצועים, שמור מאוד, טסט ארוך, חיישני חניה, גג פנורמי, מערכת בטיחות מקורית"
461,טויוטה,RAV4,2023,163000,95959,היברידי,אוטומטי,2500,1,גבעתיים,"רכב מנהלים מפנק, ממש כמו חדש, קילומטראז' נמוך יחסית, כל הטיפולים בזמן, חסכוני בדלק, מצבר חדש, גג פנורמי"
462,טויוטה,RAV4,2019,148000,85453,היברידי,אוטומטי,2500,2,רחובות,"נמכר בעקבות שדרוג לרכב חדש יותר, מצב מצוין, פנים נקי, נסיעה חלקה ושקטה, ללא תאונות, מפתח נוסף קיים, מצלמת רוורס, בקרת שיוט אדפטיבית"
463,ב.מ.וו,סדרה 3,2017,147000,140597,בנזין,אוטומטי,2000,1,נתניה,"רכב משפחתי יוקרתי, נוח לנסיעות ארוכות, חסכוני יחסית, שמור ומטופל בקפדנות, צמיגים חדשים, ספר טיפולים מלא, טסט לשנה"
464,אאודי,A4,2021,168000,34162,בנזין,אוטומטי,2000,1,גבעתיים,"אפשרות לטרייד אין, רוצה להחליף ברכב משפחתי חדש, רכב נקי מאוד עם היסטוריית טיפולים מלאה, מערכת בטיחות מקורית, חסכוני בדלק, ללא תאונות, חיישני חניה"
465,פורשה,Macan,2019,235000,42332,בנזין,אוטומטי,2000,1,בת ים,"מחפש/ת החלפה ברכב משפחתי חדש, אפשרות להוסיף/לקבל הפרש, רכב יוקרתי ומטופל, ספר טיפולים מלא, צמיגים חדשים"
466,לקסוס,IS300h,2017,218000,99270,היברידי,אוטומטי,2500,1,אשקלון,"כמעט חדש, אבזור מלא, מצלמות, חיישנים, מערכת מולטימדיה, נמכר בעקבות מעבר לרכב חשמלי, מצלמת רוורס, מצבר חדש, ריפודי עור, נוח מאוד למשפחה"
467,וולוו,XC40,2021,243000,61593,בנזין,אוטומטי,2000,1,ירושלים,"כמעט חדש, אבזור מלא, מצלמות, חיישנים, מערכת מולטימדיה, נמכר בעקבות מעבר לרכב חשמלי, ללא תאונות, מפתח נוסף קיים"
468,מרצדס,GLA,2020,244000,69862,בנזין,אוטומטי,1600,2,כפר סבא,"נמכר בעקבות שדרוג לרכב חדש יותר, מצב מצוין, פנים נקי, נסיעה חלקה ושקטה, בקרת שיוט אדפטיבית"
469,מאזדה,CX-5,2019,99000,65462,בנזין,אוטומטי,2000,1,נהריה,"רכב מנהלים מפנק, ממש כמו חדש, קילומטראז' נמוך יחסית, כל הטיפולים בזמן, מערכת בטיחות מקורית, מצלמת רוורס, בקרת שיוט אדפטיבית"
470,ריינג' רובר,Evoque,2021,279000,67039,דיזל,אוטומטי,2000,1,נס ציונה,"נמכר בעקבות שדרוג לרכב חדש יותר, מצב מצוין, פנים נקי, נסיעה חלקה ושקטה, ללא תאונות, נוח מאוד למשפחה"
471,יונדאי,טוסון,2018,67000,136902,בנזין,אוטומטי,2000,1,נס ציונה,"כמעט חדש, אבזור מלא, מצלמות, חיישנים, מערכת מולטימדיה, נמכר בעקבות מעבר לרכב חשמלי, נוח מאוד למשפחה, מצבר חדש"
472,ריינג' רובר,Evoque,2017,271000,135039,דיזל,אוטומטי,2000,3,באר שבע,"רכב מנהלים מפנק, ממש כמו חדש, קילומטראז' נמוך יחסית, כל הטיפולים בזמן, מתאים לנסיעות ארוכות, ריפודי עור, ספר טיפולים מלא"
473,מרצדס,E-Class,2017,230000,98888,בנזין,אוטומטי,2000,1,פתח תקווה,"רכב פרימיום שמור, יד נמוכה, חבילת אבזור גבוהה, נמכר עקב קבלת רכב מהעבודה, ללא תאונות, ספר טיפולים מלא, נוח מאוד למשפחה"
474,טסלה,Model 3,2023,183000,31662,חשמלי,אוטומטי,0,1,מודיעין,"רוצה להחליף בSUV היברידי, רכב שמור מאוד, ללא תאונות, מתאים למי שמחפש איכות ונוחות, טסט לשנה, מערכת בטיחות מקורית, ריפודי עור, גג פנורמי"
475,וולוו,XC40,2021,278000,58790,בנזין,אוטומטי,2000,1,כפר סבא,"רכב פרימיום שמור, יד נמוכה, חבילת אבזור גבוהה, נמכר עקב קבלת רכב מהעבודה, חיישני חניה, טסט לשנה"
476,מאזדה,CX-5,2021,92000,80731,בנזין,אוטומטי,2000,3,אשדוד,"אפשרות לטרייד אין, רוצה להחליף ברכב קטן וחסכוני, רכב נקי מאוד עם היסטוריית טיפולים מלאה, ספר טיפולים מלא, גג פנורמי"
477,מרצדס,E-Class,2018,276000,89889,בנזין,אוטומטי,2000,2,נס ציונה,"רכב יוקרתי לנהג/ת שמחפש/ת נוחות וביצועים, שמור מאוד, טסט ארוך, גג פנורמי, נוח מאוד למשפחה, ריפודי עור"
478,טויוטה,קאמרי,2019,125000,112043,היברידי,אוטומטי,2500,1,נתניה,"רכב יוקרה ממש כמו חדש, נמכר בעקבות שדרוג, שמור בקנאות, מטופל רק במוסך מורשה, מצבר חדש, ריפודי עור, מערכת שמע איכותית"
479,מאזדה,CX-5,2021,146000,93411,בנזין,אוטומטי,2000,1,יבנה,"רכב יוקרתי לנהג/ת שמחפש/ת נוחות וביצועים, שמור מאוד, טסט ארוך, בקרת שיוט אדפטיבית, מערכת שמע איכותית"
480,טסלה,Model 3,2022,178000,82270,חשמלי,אוטומטי,0,2,נתניה,"רכב משפחתי יוקרתי, נוח לנסיעות ארוכות, חסכוני יחסית, שמור ומטופל בקפדנות, ריפודי עור"
481,ב.מ.וו,X1,2023,283000,23885,בנזין,אוטומטי,2000,1,רעננה,"כמעט חדש, אבזור מלא, מצלמות, חיישנים, מערכת מולטימדיה, נמכר בעקבות מעבר לרכב חשמלי, ללא תאונות, מערכת בטיחות מקורית, מערכת שמע איכותית"
482,טויוטה,RAV4,2023,228000,42743,היברידי,אוטומטי,2500,1,באר שבע,"רכב במצב תצוגה, נמכר עקב שדרוג, גמיש מעט ליד הרכב בלבד, גג פנורמי, חיישני חניה, מתאים לנסיעות ארוכות, ללא תאונות"
483,ב.מ.וו,סדרה 3,2020,183000,98212,בנזין,אוטומטי,2000,2,אילת,"רכב במצב תצוגה, נמכר עקב שדרוג, גמיש מעט ליד הרכב בלבד, צמיגים חדשים, ללא תאונות, חסכוני בדלק, נוח מאוד למשפחה"
484,יונדאי,טוסון,2022,101000,39197,בנזין,אוטומטי,2000,1,אילת,"כמעט חדש, אבזור מלא, מצלמות, חיישנים, מערכת מולטימדיה, נמכר בעקבות מעבר לרכב חשמלי, טסט לשנה, גג פנורמי"
485,יונדאי,טוסון,2023,111000,6259,בנזין,אוטומטי,2000,1,חיפה,"רכב יוקרה במצב נדיר, ללא שריטות משמעותיות, שמור בחניה מקורה, נמכר בגלל שדרוג, מערכת שמע איכותית, מפתח נוסף קיים, צמיגים חדשים, חסכוני בדלק"
486,טויוטה,RAV4,2021,183000,97568,היברידי,אוטומטי,2500,1,פתח תקווה,"רכב משפחתי יוקרתי, נוח לנסיעות ארוכות, חסכוני יחסית, שמור ומטופל בקפדנות, חסכוני בדלק, חיישני חניה, מערכת בטיחות מקורית, טסט לשנה"
487,קיה,סורנטו,2020,132000,57198,דיזל,אוטומטי,2200,2,אילת,"רכב יוקרתי לנהג/ת שמחפש/ת נוחות וביצועים, שמור מאוד, טסט ארוך, מערכת שמע איכותית, בקרת שיוט אדפטיבית, מצלמת רוורס, צמיגים חדשים"
488,וולוו,XC40,2019,171000,131895,בנזין,אוטומטי,2000,2,נהריה,"רכב במצב תצוגה, נמכר עקב שדרוג, גמיש מעט ליד הרכב בלבד, מפתח נוסף קיים, חיישני חניה, צמיגים חדשים"
489,ג'נסיס,G70,2021,188000,54222,בנזין,אוטומטי,2000,1,אשקלון,"רכב יוקרה במצב נדיר, ללא שריטות משמעותיות, שמור בחניה מקורה, נמכר בגלל שדרוג, מצלמת רוורס, מפתח נוסף קיים, גג פנורמי"
490,וולוו,XC40,2023,211000,17868,בנזין,אוטומטי,2000,2,פתח תקווה,"רכב מנהלים מפנק, ממש כמו חדש, קילומטראז' נמוך יחסית, כל הטיפולים בזמן, מצלמת רוורס, ריפודי עור, מצבר חדש"
491,ג'נסיס,G70,2023,237000,48876,בנזין,אוטומטי,2000,1,אשדוד,"רכב מנהלים מפנק, ממש כמו חדש, קילומטראז' נמוך יחסית, כל הטיפולים בזמן, בקרת שיוט אדפטיבית"
492,טויוטה,קאמרי,2020,101000,62446,היברידי,אוטומטי,2500,1,אשקלון,"נמכר בעקבות שדרוג לרכב חדש יותר, מצב מצוין, פנים נקי, נסיעה חלקה ושקטה, מפתח נוסף קיים, ללא תאונות, בקרת שיוט אדפטיבית, חסכוני בדלק"
493,וולוו,XC40,2020,271000,72723,בנזין,אוטומטי,2000,1,גבעתיים,"רכב יוקרתי לנהג/ת שמחפש/ת נוחות וביצועים, שמור מאוד, טסט ארוך, חיישני חניה"
494,טויוטה,קאמרי,2019,117000,170518,היברידי,אוטומטי,2500,2,כפר סבא,"רכב במצב תצוגה, נמכר עקב שדרוג, גמיש מעט ליד הרכב בלבד, גג פנורמי"
495,וולוו,XC40,2022,161000,25916,בנזין,אוטומטי,2000,3,חיפה,"מחפש/ת החלפה בטסלה או רכב חשמלי דומה, אפשרות להוסיף/לקבל הפרש, רכב יוקרתי ומטופל, מצלמת רוורס, נוח מאוד למשפחה, צמיגים חדשים, טסט לשנה"
496,לקסוס,NX300h,2018,226000,133144,היברידי,אוטומטי,2500,2,נהריה,"נמכר בעקבות שדרוג לרכב חדש יותר, מצב מצוין, פנים נקי, נסיעה חלקה ושקטה, מצבר חדש, מפתח נוסף קיים, ללא תאונות"
497,אאודי,A4,2018,245000,119001,בנזין,אוטומטי,2000,2,ירושלים,"רכב משפחתי יוקרתי, נוח לנסיעות ארוכות, חסכוני יחסית, שמור ומטופל בקפדנות, חסכוני בדלק"
498,פורשה,Macan,2017,257000,114989,בנזין,אוטומטי,2000,1,נתניה,"רכב מנהלים מפנק, ממש כמו חדש, קילומטראז' נמוך יחסית, כל הטיפולים בזמן, ללא תאונות, מצלמת רוורס, מצבר חדש"
499,ג'נסיס,G70,2023,249000,24924,בנזין,אוטומטי,2000,2,נהריה,"רכב מנהלים מפנק, ממש כמו חדש, קילומטראז' נמוך יחסית, כל הטיפולים בזמן, מתאים לנסיעות ארוכות"
500,וולוו,XC40,2019,285000,70307,בנזין,אוטומטי,2000,2,נהריה,"רוצה להחליף בSUV היברידי, רכב שמור מאוד, ללא תאונות, מתאים למי שמחפש איכות ונוחות, טסט לשנה, בקרת שיוט אדפטיבית, מערכת בטיחות מקורית"
501,פולקסווגן,פאסאט,2018,134000,64289,בנזין,אוטומטי,1800,1,נהריה,"רכב משפחתי יוקרתי, נוח לנסיעות ארוכות, חסכוני יחסית, שמור ומטופל בקפדנות, טסט לשנה, ללא תאונות"
502,טויוטה,RAV4,2018,105000,79911,היברידי,אוטומטי,2500,3,הרצליה,"רכב יוקרה ממש כמו חדש, נמכר בעקבות שדרוג, שמור בקנאות, מטופל רק במוסך מורשה, חיישני חניה, מפתח נוסף קיים"
503,מאזדה,CX-5,2021,109000,58980,בנזין,אוטומטי,2000,2,באר שבע,"רוצה להחליף בטסלה או רכב חשמלי דומה, רכב שמור מאוד, ללא תאונות, מתאים למי שמחפש איכות ונוחות, מתאים לנסיעות ארוכות"
504,ב.מ.וו,X1,2022,263000,43631,בנזין,אוטומטי,2000,2,בת ים,"רכב במצב תצוגה, נמכר עקב שדרוג, גמיש מעט ליד הרכב בלבד, צמיגים חדשים, נוח מאוד למשפחה, גג פנורמי, ספר טיפולים מלא"
505,אאודי,A4,2021,125000,49654,בנזין,אוטומטי,2000,1,נהריה,"רוצה להחליף בג'יפון גבוה, רכב שמור מאוד, ללא תאונות, מתאים למי שמחפש איכות ונוחות, מפתח נוסף קיים"
